Text;Size;;;Size;;
e;746;;1;746;;
che;673;;2;673;;
l;470;;3;470;;
la;433;;4;433;;
a;373;;5;373;;
di;315;;6;315;;
non;233;;7;233;;
per;233;;8;233;;
ch;218;;9;218;;
io;185;;10;185;;
mi;170;;11;170;;
in;160;;12;160;;
li;156;;13;156;;
le;155;;14;155;;
è;151;;15;151;;
si;145;;16;145;;
i;140;;17;140;;
sì;131;;18;131;;
con;130;;19;130;;
de;124;;20;124;;
lo;122;;21;122;;
al;111;;22;111;;
d;109;;23;109;;
il;105;;24;105;;
tu;105;;25;105;;
da;101;;26;101;;
più;97;;27;97;;
un;92;;28;92;;
se;87;;29;87;;
come;87;;30;87;;
ma;78;;31;78;;
ne;78;;32;78;;
del;76;;33;76;;
me;75;;34;75;;
poi;73;;35;73;;
s;71;;36;71;;
quel;65;;37;65;;
nel;63;;38;63;;
disse;62;;39;62;;
mio;58;;40;58;;
canto;58;;41;58;;
»;57;;42;57;;
son;55;;43;55;;
era;54;;44;54;;
fu;53;;45;53;;
m;52;;46;52;;
ti;51;;47;51;;
quando;50;;48;50;;
noi;49;;49;49;;
così;49;;50;49;;
lor;48;;51;48;;
lui;47;;52;47;;
là;47;;53;47;;
quella;46;;54;46;;
sua;46;;55;46;;
una;43;;56;43;;
già;42;;57;42;;
tutto;41;;58;41;;
n;39;;59;39;;
ed;39;;60;39;;
vidi;39;;61;39;;
suo;37;;62;37;;
qual;36;;63;36;;
dal;36;;64;36;;
ancor;36;;65;36;;
ben;36;;66;36;;
o;35;;67;35;;
cui;35;;68;35;;
su;35;;69;35;;
ché;34;;70;34;;
ogne;34;;71;34;;
elli;34;;72;34;;
or;34;;73;34;;
poco;34;;74;34;;
altro;33;;75;33;;
gente;33;;76;33;;
fa;33;;77;33;;
loco;32;;78;32;;
ha;32;;79;32;;
tua;31;;80;31;;
fuor;31;;81;31;;
altra;31;;82;31;;
questa;31;;83;31;;
tanto;31;;84;31;;
però;31;;85;31;;
questo;30;;86;30;;
maestro;30;;87;30;;
inferno;30;;88;30;;
qui;30;;89;30;;
chi;29;;90;29;;
ciò;29;;91;29;;
mondo;29;;92;29;;
mai;28;;93;28;;
tal;28;;94;28;;
te;27;;95;27;;
giù;27;;96;27;;
duca;27;;97;27;;
perché;27;;98;27;;
tra;26;;99;26;;
dove;26;;100;26;;
gran;26;;101;26;;
ci;26;;102;26;;
terra;26;;103;26;;
occhi;26;;104;26;;
parte;26;;105;26;;
altri;25;;106;25;;
fui;25;;107;25;;
com;24;;108;24;;
colui;24;;109;24;;
avea;24;;110;24;;
né;23;;111;23;;
quivi;23;;112;23;;
tutti;23;;113;23;;
dio;22;;114;22;;
questi;22;;115;22;;
via;22;;116;22;;
voi;22;;117;22;;
ad;22;;118;22;;
esser;22;;119;22;;
sanza;22;;120;22;;
quell;22;;121;22;;
parole;21;;122;21;;
sé;21;;123;21;;
pur;21;;124;21;;
qua;21;;125;21;;
dentro;21;;126;21;;
quei;20;;127;20;;
mia;20;;128;20;;
sù;20;;129;20;;
piè;20;;130;20;;
c;19;;131;19;;
v;19;;132;19;;
sotto;19;;133;19;;
va;19;;134;19;;
col;18;;135;18;;
prima;18;;136;18;;
«o;18;;137;18;;
viso;18;;138;18;;
dinanzi;18;;139;18;;
tuo;17;;140;17;;
fece;17;;141;17;;
allor;17;;142;17;;
loro;17;;143;17;;
far;17;;144;17;;
ei;17;;145;17;;
tempo;17;;146;17;;
convien;17;;147;17;;
vita;17;;148;17;;
sia;17;;149;17;;
aere;16;;150;16;;
anima;16;;151;16;;
anime;16;;152;16;;
tutte;16;;153;16;;
quanto;16;;154;16;;
ciascun;16;;155;16;;
«maestro;15;;156;15;;
fanno;15;;157;15;;
color;15;;158;15;;
cerchio;15;;159;15;;
assai;15;;160;15;;
quelli;15;;161;15;;
sono;15;;162;15;;
fosse;15;;163;15;;
acqua;15;;164;15;;
dietro;15;;165;15;;
onde;15;;166;15;;
tre;14;;167;14;;
dissi;14;;168;14;;
dir;14;;169;14;;
mal;14;;170;14;;
men;14;;171;14;;
forte;14;;172;14;;
hanno;14;;173;14;;
vedi;14;;174;14;;
el;14;;175;14;;
ove;14;;176;14;;
cose;14;;177;14;;
quelle;14;;178;14;;
«se;14;;179;14;;
mente;14;;180;14;;
sol;14;;181;14;;
eran;13;;182;13;;
suoi;13;;183;13;;
sovra;13;;184;13;;
fé;13;;185;13;;
quali;13;;186;13;;
vi;13;;187;13;;
par;13;;188;13;;
primo;13;;189;13;;
morte;13;;190;13;;
fondo;13;;191;13;;
occhio;13;;192;13;;
alto;13;;193;13;;
rispuose;12;;194;12;;
sangue;12;;195;12;;
cor;12;;196;12;;
veder;12;;197;12;;
due;12;;198;12;;
alcun;12;;199;12;;
foco;12;;200;12;;
piedi;12;;201;12;;
ond;12;;202;12;;
ora;12;;203;12;;
alcuna;12;;204;12;;
voce;12;;205;12;;
ancora;12;;206;12;;
ciel;12;;207;12;;
selva;12;;208;12;;
sen;12;;209;12;;
amor;12;;210;12;;
tosto;12;;211;12;;
dolce;11;;212;11;;
punto;11;;213;11;;
parlar;11;;214;11;;
volte;11;;215;11;;
faccia;11;;216;11;;
fia;11;;217;11;;
quello;11;;218;11;;
città;11;;219;11;;
hai;11;;220;11;;
fatto;11;;221;11;;
petto;11;;222;11;;
sue;11;;223;11;;
certo;11;;224;11;;
the;10;;225;10;;
poeta;10;;226;10;;
paura;10;;227;10;;
uno;10;;228;10;;
uom;10;;229;10;;
man;10;;230;10;;
forza;10;;231;10;;
ripa;10;;232;10;;
fin;10;;233;10;;
genti;10;;234;10;;
vento;10;;235;10;;
divina;10;;236;10;;
nostro;10;;237;10;;
«or;10;;238;10;;
buon;10;;239;10;;
mosse;10;;240;10;;
mena;10;;241;10;;
cominciò;10;;242;10;;
grande;10;;243;10;;
valle;10;;244;10;;
passi;10;;245;10;;
passo;10;;246;10;;
ira;10;;247;10;;
ombra;10;;248;10;;
sempre;10;;249;10;;
porta;10;;250;10;;
parea;10;;251;10;;
secondo;10;;252;10;;
t;9;;253;9;;
coi;9;;254;9;;
prese;9;;255;9;;
mezzo;9;;256;9;;
lungo;9;;257;9;;
ebbe;9;;258;9;;
fede;9;;259;9;;
ver;9;;260;9;;
testa;9;;261;9;;
volse;9;;262;9;;
«perché;9;;263;9;;
colpa;9;;264;9;;
omo;9;;265;9;;
nostra;9;;266;9;;
costui;9;;267;9;;
basso;9;;268;9;;
tutta;9;;269;9;;
arte;9;;270;9;;
venimmo;9;;271;9;;
dimmi;9;;272;9;;
fummo;9;;273;9;;
etterno;9;;274;9;;
cotanto;9;;275;9;;
gridò;9;;276;9;;
mentre;9;;277;9;;
molto;9;;278;9;;
quest;9;;279;9;;
altrui;9;;280;9;;
lei;8;;281;8;;
miei;8;;282;8;;
disio;8;;283;8;;
dopo;8;;284;8;;
legge;8;;285;8;;
schiera;8;;286;8;;
mano;8;;287;8;;
cominciai;8;;288;8;;
vid;8;;289;8;;
vista;8;;290;8;;
forse;8;;291;8;;
piena;8;;292;8;;
riva;8;;293;8;;
dico;8;;294;8;;
perch;8;;295;8;;
ella;8;;296;8;;
ho;8;;297;8;;
vo;8;;298;8;;
tanta;8;;299;8;;
venir;8;;300;8;;
infino;8;;301;8;;
pena;8;;302;8;;
solo;8;;303;8;;
persona;8;;304;8;;
poscia;8;;305;8;;
modo;8;;306;8;;
rena;8;;307;8;;
molte;8;;308;8;;
ïo;8;;309;8;;
natura;8;;310;8;;
monte;7;;311;7;;
fiera;7;;312;7;;
dov;7;;313;7;;
lunga;7;;314;7;;
pioggia;7;;315;7;;
sinistra;7;;316;7;;
colei;7;;317;7;;
pensier;7;;318;7;;
no;7;;319;7;;
ov;7;;320;7;;
quale;7;;321;7;;
puoi;7;;322;7;;
quand;7;;323;7;;
cosa;7;;324;7;;
quasi;7;;325;7;;
trista;7;;326;7;;
«a;7;;327;7;;
fossi;7;;328;7;;
credi;7;;329;7;;
fortuna;7;;330;7;;
fama;7;;331;7;;
appresso;7;;332;7;;
mille;7;;333;7;;
ciascuna;7;;334;7;;
segnor;7;;335;7;;
destra;7;;336;7;;
ombre;7;;337;7;;
vanno;7;;338;7;;
verso;7;;339;7;;
sappi;7;;340;7;;
insieme;6;;341;6;;
pien;6;;342;6;;
presso;6;;343;6;;
rivolse;6;;344;6;;
intorno;6;;345;6;;
altre;6;;346;6;;
indi;6;;347;6;;
cammino;6;;348;6;;
fiere;6;;349;6;;
queste;6;;350;6;;
retro;6;;351;6;;
ebook;6;;352;6;;
essa;6;;353;6;;
speranza;6;;354;6;;
spirto;6;;355;6;;
quindi;6;;356;6;;
volto;6;;357;6;;
volsi;6;;358;6;;
savio;6;;359;6;;
inver;6;;360;6;;
pianto;6;;361;6;;
vegno;6;;362;6;;
nol;6;;363;6;;
donna;6;;364;6;;
suon;6;;365;6;;
giusto;6;;366;6;;
anche;6;;367;6;;
oltre;6;;368;6;;
fur;6;;369;6;;
giace;6;;370;6;;
coda;6;;371;6;;
virtù;6;;372;6;;
of;6;;373;6;;
bella;6;;374;6;;
oro;6;;375;6;;
nome;6;;376;6;;
venne;6;;377;6;;
nova;6;;378;6;;
sopra;6;;379;6;;
arco;6;;380;6;;
tristo;6;;381;6;;
bestia;6;;382;6;;
«e;6;;383;6;;
venire;6;;384;6;;
morta;6;;385;6;;
giustizia;6;;386;6;;
tornar;6;;387;6;;
ahi;6;;388;6;;
spiriti;6;;389;6;;
vide;6;;390;6;;
vien;6;;391;6;;
capo;6;;392;6;;
alta;6;;393;6;;
scorta;6;;394;6;;
«chi;6;;395;6;;
scender;6;;396;6;;
vivo;6;;397;6;;
vostra;6;;398;6;;
piace;6;;399;6;;
cielo;6;;400;6;;
maggior;6;;401;6;;
vendetta;6;;402;6;;
aver;6;;403;6;;
rispuosi;5;;404;5;;
guarda;5;;405;5;;
puote;5;;406;5;;
quai;5;;407;5;;
stato;5;;408;5;;
dolor;5;;409;5;;
dritto;5;;410;5;;
furon;5;;411;5;;
vedrai;5;;412;5;;
tondo;5;;413;5;;
anzi;5;;414;5;;
tòrre;5;;415;5;;
mar;5;;416;5;;
senno;5;;417;5;;
«non;5;;418;5;;
lasso;5;;419;5;;
mani;5;;420;5;;
amore;5;;421;5;;
dolore;5;;422;5;;
cominciar;5;;423;5;;
esto;5;;424;5;;
gravi;5;;425;5;;
parola;5;;426;5;;
andar;5;;427;5;;
strada;5;;428;5;;
pietà;5;;429;5;;
risposta;5;;430;5;;
cortese;5;;431;5;;
co;5;;432;5;;
giron;5;;433;5;;
dì;5;;434;5;;
udito;5;;435;5;;
diss;5;;436;5;;
entro;5;;437;5;;
re;5;;438;5;;
allora;5;;439;5;;
segno;5;;440;5;;
venni;5;;441;5;;
tante;5;;442;5;;
colà;5;;443;5;;
«la;5;;444;5;;
costa;5;;445;5;;
nostri;5;;446;5;;
novo;5;;447;5;;
facea;5;;448;5;;
tardi;5;;449;5;;
giuso;5;;450;5;;
voglia;5;;451;5;;
pietra;5;;452;5;;
parlando;5;;453;5;;
stanno;5;;454;5;;
dante;5;;455;5;;
antico;5;;456;5;;
tale;5;;457;5;;
sola;5;;458;5;;
«l;5;;459;5;;
«s;5;;460;5;;
fosso;5;;461;5;;
que;5;;462;5;;
siede;5;;463;5;;
stesso;5;;464;5;;
erano;5;;465;5;;
contra;5;;466;5;;
spalle;5;;467;5;;
buona;5;;468;5;;
rio;5;;469;5;;
sarai;5;;470;5;;
ali;5;;471;5;;
grado;5;;472;5;;
omai;5;;473;5;;
sospiri;5;;474;5;;
scoglio;5;;475;5;;
sai;5;;476;5;;
alte;5;;477;5;;
tenne;5;;478;5;;
«che;5;;479;5;;
sette;5;;480;5;;
dolenti;5;;481;5;;
vostro;5;;482;5;;
parve;5;;483;5;;
sien;5;;484;5;;
ambo;5;;485;5;;
posta;5;;486;5;;
discende;5;;487;5;;
«qual;5;;488;5;;
porte;5;;489;5;;
medesmo;5;;490;5;;
verrà;5;;491;5;;
tai;5;;492;5;;
tuoi;4;;493;4;;
onor;4;;494;4;;
padre;4;;495;4;;
sanz;4;;496;4;;
sarebbe;4;;497;4;;
avante;4;;498;4;;
sarà;4;;499;4;;
dimando;4;;500;4;;
rota;4;;501;4;;
intrare;4;;502;4;;
proda;4;;503;4;;
roccia;4;;504;4;;
tue;4;;505;4;;
stava;4;;506;4;;
legno;4;;507;4;;
anni;4;;508;4;;
crudele;4;;509;4;;
umana;4;;510;4;;
principio;4;;511;4;;
strazio;4;;512;4;;
aspetto;4;;513;4;;
furo;4;;514;4;;
dar;4;;515;4;;
corpo;4;;516;4;;
tema;4;;517;4;;
seguaci;4;;518;4;;
grand;4;;519;4;;
universo;4;;520;4;;
smarrito;4;;521;4;;
ebbi;4;;522;4;;
lungi;4;;523;4;;
fiamme;4;;524;4;;
male;4;;525;4;;
accorto;4;;526;4;;
accorsi;4;;527;4;;
onore;4;;528;4;;
denti;4;;529;4;;
gutenberg;4;;530;4;;
quinci;4;;531;4;;
braccia;4;;532;4;;
lingua;4;;533;4;;
argento;4;;534;4;;
saver;4;;535;4;;
volta;4;;536;4;;
sonno;4;;537;4;;
lieta;4;;538;4;;
vuol;4;;539;4;;
rotta;4;;540;4;;
vuo;4;;541;4;;
ecco;4;;542;4;;
duolo;4;;543;4;;
piante;4;;544;4;;
cerbero;4;;545;4;;
voler;4;;546;4;;
pieta;4;;547;4;;
imagine;4;;548;4;;
collo;4;;549;4;;
dicendo;4;;550;4;;
commedia;4;;551;4;;
gridando;4;;552;4;;
vede;4;;553;4;;
troppo;4;;554;4;;
fec;4;;555;4;;
compagni;4;;556;4;;
innanzi;4;;557;4;;
martiro;4;;558;4;;
suso;4;;559;4;;
dicea;4;;560;4;;
segnore;4;;561;4;;
elle;4;;562;4;;
somma;4;;563;4;;
cu;4;;564;4;;
vene;4;;565;4;;
figliuol;4;;566;4;;
dire;4;;567;4;;
palude;4;;568;4;;
venisse;4;;569;4;;
nulla;4;;570;4;;
brano;4;;571;4;;
cotai;4;;572;4;;
lagrime;4;;573;4;;
veggio;4;;574;4;;
piange;4;;575;4;;
intesi;4;;576;4;;
nostre;4;;577;4;;
doloroso;4;;578;4;;
note;4;;579;4;;
temendo;4;;580;4;;
novi;4;;581;4;;
«tu;4;;582;4;;
buia;4;;583;4;;
folle;4;;584;4;;
ciglia;4;;585;4;;
bocca;4;;586;4;;
porse;4;;587;4;;
verde;4;;588;4;;
tien;4;;589;4;;
rispuos;4;;590;4;;
tronco;4;;591;4;;
sentenza;4;;592;4;;
«qui;4;;593;4;;
han;4;;594;4;;
piaggia;4;;595;4;;
mossi;4;;596;4;;
mosso;4;;597;4;;
offende;4;;598;4;;
fronte;4;;599;4;;
membra;4;;600;4;;
letto;4;;601;4;;
diverse;4;;602;4;;
you;4;;603;4;;
discese;4;;604;4;;
greve;4;;605;4;;
credo;4;;606;4;;
nferno;4;;607;4;;
fine;4;;608;4;;
guai;4;;609;4;;
spesso;4;;610;4;;
sovr;4;;611;4;;
dintorno;4;;612;4;;
andare;4;;613;4;;
ratto;4;;614;4;;
martìri;4;;615;4;;
cima;4;;616;4;;
chirón;4;;617;4;;
buono;4;;618;4;;
fiume;4;;619;4;;
quanti;4;;620;4;;
sarei;4;;621;4;;
etterna;4;;622;4;;
tormento;4;;623;4;;
conobbi;4;;624;4;;
cagion;4;;625;4;;
duol;4;;626;4;;
eravamo;4;;627;4;;
spirito;4;;628;4;;
percosse;4;;629;4;;
fïate;4;;630;4;;
dura;4;;631;4;;
sedea;4;;632;4;;
luce;4;;633;4;;
san;4;;634;4;;
fuggir;4;;635;4;;
disdegno;4;;636;4;;
vada;4;;637;4;;
detto;4;;638;4;;
bel;4;;639;4;;
riguardar;4;;640;4;;
dolente;4;;641;4;;
avesse;4;;642;4;;
vinse;4;;643;4;;
aura;4;;644;4;;
simile;4;;645;4;;
largo;4;;646;4;;
posso;4;;647;4;;
argine;4;;648;4;;
sui;4;;649;4;;
porti;4;;650;4;;
nuova;4;;651;4;;
guerra;4;;652;4;;
”;3;;653;3;;
vuolsi;3;;654;3;;
corpi;3;;655;3;;
u;3;;656;3;;
caccia;3;;657;3;;
roma;3;;658;3;;
fioco;3;;659;3;;
puose;3;;660;3;;
dolci;3;;661;3;;
corda;3;;662;3;;
rote;3;;663;3;;
schermo;3;;664;3;;
minor;3;;665;3;;
piangendo;3;;666;3;;
sarò;3;;667;3;;
oscura;3;;668;3;;
state;3;;669;3;;
pace;3;;670;3;;
levò;3;;671;3;;
margini;3;;672;3;;
pria;3;;673;3;;
attende;3;;674;3;;
umani;3;;675;3;;
dai;3;;676;3;;
parean;3;;677;3;;
corso;3;;678;3;;
temo;3;;679;3;;
saranno;3;;680;3;;
avarizia;3;;681;3;;
ferro;3;;682;3;;
apparve;3;;683;3;;
selvaggia;3;;684;3;;
cadere;3;;685;3;;
fermo;3;;686;3;;
vecchio;3;;687;3;;
animo;3;;688;3;;
mie;3;;689;3;;
star;3;;690;3;;
project;3;;691;3;;
nesso;3;;692;3;;
beata;3;;693;3;;
acquista;3;;694;3;;
vai;3;;695;3;;
branche;3;;696;3;;
lingue;3;;697;3;;
tomba;3;;698;3;;
esti;3;;699;3;;
stige;3;;700;3;;
spirti;3;;701;3;;
esso;3;;702;3;;
esta;3;;703;3;;
abisso;3;;704;3;;
ascolta;3;;705;3;;
bolgia;3;;706;3;;
stelle;3;;707;3;;
stella;3;;708;3;;
facevan;3;;709;3;;
chiavi;3;;710;3;;
manifesto;3;;711;3;;
sapïenza;3;;712;3;;
labbia;3;;713;3;;
verranno;3;;714;3;;
profondo;3;;715;3;;
pianta;3;;716;3;;
pieno;3;;717;3;;
suono;3;;718;3;;
tinta;3;;719;3;;
sospesi;3;;720;3;;
alighieri;3;;721;3;;
fai;3;;722;3;;
fan;3;;723;3;;
dice;3;;724;3;;
alquanto;3;;725;3;;
malvagia;3;;726;3;;
conoscenza;3;;727;3;;
ai;3;;728;3;;
rende;3;;729;3;;
bulicame;3;;730;3;;
acciò;3;;731;3;;
fora;3;;732;3;;
pensai;3;;733;3;;
presente;3;;734;3;;
vero;3;;735;3;;
it;3;;736;3;;
terzo;3;;737;3;;
nullo;3;;738;3;;
dite;3;;739;3;;
od;3;;740;3;;
oh;3;;741;3;;
aiuta;3;;742;3;;
campagna;3;;743;3;;
discerno;3;;744;3;;
lì;3;;745;3;;
favella;3;;746;3;;
cotal;3;;747;3;;
sa;3;;748;3;;
pugna;3;;749;3;;
cammin;3;;750;3;;
so;3;;751;3;;
«da;3;;752;3;;
trova;3;;753;3;;
dovea;3;;754;3;;
this;3;;755;3;;
cenno;3;;756;3;;
talento;3;;757;3;;
«il;3;;758;3;;
«in;3;;759;3;;
costì;3;;760;3;;
«le;3;;761;3;;
«lo;3;;762;3;;
giorno;3;;763;3;;
orribil;3;;764;3;;
«oh;3;;765;3;;
alcuno;3;;766;3;;
nove;3;;767;3;;
felice;3;;768;3;;
ultimo;3;;769;3;;
miseri;3;;770;3;;
avere;3;;771;3;;
pozzo;3;;772;3;;
avete;3;;773;3;;
gridava;3;;774;3;;
voci;3;;775;3;;
mentr;3;;776;3;;
saprai;3;;777;3;;
minòs;3;;778;3;;
conforto;3;;779;3;;
pietro;3;;780;3;;
distese;3;;781;3;;
muro;3;;782;3;;
mura;3;;783;3;;
fronde;3;;784;3;;
unghie;3;;785;3;;
colore;3;;786;3;;
viltà;3;;787;3;;
fatti;3;;788;3;;
pelle;3;;789;3;;
ardito;3;;790;3;;
fatta;3;;791;3;;
diserta;3;;792;3;;
attese;3;;793;3;;
pesa;3;;794;3;;
doglia;3;;795;3;;
«poeta;3;;796;3;;
torre;3;;797;3;;
può;3;;798;3;;
sicuro;3;;799;3;;
torna;3;;800;3;;
strida;3;;801;3;;
diversa;3;;802;3;;
prime;3;;803;3;;
meco;3;;804;3;;
fenno;3;;805;3;;
calle;3;;806;3;;
antica;3;;807;3;;
fier;3;;808;3;;
passar;3;;809;3;;
fida;3;;810;3;;
bollor;3;;811;3;;
danno;3;;812;3;;
abbia;3;;813;3;;
altrove;3;;814;3;;
santo;3;;815;3;;
lagrimar;3;;816;3;;
maligno;3;;817;3;;
bosco;3;;818;3;;
infin;3;;819;3;;
fossa;3;;820;3;;
brunetto;3;;821;3;;
pensando;3;;822;3;;
fosti;3;;823;3;;
caldo;3;;824;3;;
vuole;3;;825;3;;
regge;3;;826;3;;
coscïenza;3;;827;3;;
compunto;3;;828;3;;
andava;3;;829;3;;
grandi;3;;830;3;;
costoro;3;;831;3;;
regno;3;;832;3;;
comincia;3;;833;3;;
gambe;3;;834;3;;
fame;3;;835;3;;
morto;3;;836;3;;
sospetto;3;;837;3;;
grida;3;;838;3;;
persone;3;;839;3;;
superbo;3;;840;3;;
farà;3;;841;3;;
ruina;3;;842;3;;
pasto;3;;843;3;;
ivi;3;;844;3;;
etterne;3;;845;3;;
frode;3;;846;3;;
levata;3;;847;3;;
cade;3;;848;3;;
trasse;3;;849;3;;
cittadin;3;;850;3;;
regi;3;;851;3;;
voltando;3;;852;3;;
nimica;3;;853;3;;
duro;3;;854;3;;
duri;3;;855;3;;
fïata;3;;856;3;;
cani;3;;857;3;;
gentil;3;;858;3;;
malizia;3;;859;3;;
miseria;3;;860;3;;
seder;3;;861;3;;
alti;3;;862;3;;
sozza;3;;863;3;;
qualunque;3;;864;3;;
angoscia;3;;865;3;;
tenni;3;;866;3;;
cotesti;3;;867;3;;
destro;3;;868;3;;
parti;3;;869;3;;
vivi;3;;870;3;;
chiuso;3;;871;3;;
intrai;3;;872;3;;
molti;3;;873;3;;
cagione;3;;874;3;;
sie;3;;875;3;;
cherci;3;;876;3;;
vano;3;;877;3;;
vòlto;3;;878;3;;
nuovo;3;;879;3;;
sta;3;;880;3;;
centauro;3;;881;3;;
ovra;3;;882;3;;
venìa;3;;883;3;;
queta;3;;884;3;;
femmine;3;;885;3;;
figura;3;;886;3;;
similemente;3;;887;3;;
eravam;3;;888;3;;
rabbia;2;;889;2;;
corneto;2;;890;2;;
ten;2;;891;2;;
latino;2;;892;2;;
distinto;2;;893;2;;
pluto;2;;894;2;;
gola;2;;895;2;;
x;2;;896;2;;
«mal;2;;897;2;;
fianco;2;;898;2;;
sparte;2;;899;2;;
sani;2;;900;2;;
lasciammo;2;;901;2;;
uscisser;2;;902;2;;
lena;2;;903;2;;
piangea;2;;904;2;;
ricominciò;2;;905;2;;
tutt;2;;906;2;;
ragion;2;;907;2;;
credette;2;;908;2;;
credetti;2;;909;2;;
avanti;2;;910;2;;
demonio;2;;911;2;;
bramose;2;;912;2;;
avria;2;;913;2;;
vizio;2;;914;2;;
presto;2;;915;2;;
attila;2;;916;2;;
tegnon;2;;917;2;;
luogo;2;;918;2;;
foglie;2;;919;2;;
roggia;2;;920;2;;
question;2;;921;2;;
anco;2;;922;2;;
stanchi;2;;923;2;;
aspetta»;2;;924;2;;
erba;2;;925;2;;
spoglie;2;;926;2;;
«quelli;2;;927;2;;
avrei;2;;928;2;;
passava;2;;929;2;;
fossimo;2;;930;2;;
oscuro;2;;931;2;;
«volgiti;2;;932;2;;
flegïàs;2;;933;2;;
letè;2;;934;2;;
bagna;2;;935;2;;
invidia;2;;936;2;;
vederai;2;;937;2;;
carca;2;;938;2;;
pietade;2;;939;2;;
teco;2;;940;2;;
dimanda;2;;941;2;;
sùbito;2;;942;2;;
abbandona;2;;943;2;;
attendi;2;;944;2;;
sentì;2;;945;2;;
cesare;2;;946;2;;
carco;2;;947;2;;
***;2;;948;2;;
dunque;2;;949;2;;
difension;2;;950;2;;
fecer;2;;951;2;;
prender;2;;952;2;;
corto;2;;953;2;;
ingegno;2;;954;2;;
centro;2;;955;2;;
varco;2;;956;2;;
disdegnoso;2;;957;2;;
italia;2;;958;2;;
«tutti;2;;959;2;;
guardia;2;;960;2;;
uscir;2;;961;2;;
«via;2;;962;2;;
pare;2;;963;2;;
“o;2;;964;2;;
corta;2;;965;2;;
corti;2;;966;2;;
xiii;2;;967;2;;
erta;2;;968;2;;
uscia;2;;969;2;;
sapere;2;;970;2;;
teme;2;;971;2;;
volere;2;;972;2;;
infernal;2;;973;2;;
dosso;2;;974;2;;
«omai;2;;975;2;;
vïaggio»;2;;976;2;;
cotale;2;;977;2;;
cotali;2;;978;2;;
davante;2;;979;2;;
davanti;2;;980;2;;
vedea;2;;981;2;;
leone;2;;982;2;;
lacca;2;;983;2;;
stipa;2;;984;2;;
tremò;2;;985;2;;
grosso;2;;986;2;;
grossa;2;;987;2;;
alessandro;2;;988;2;;
nude;2;;989;2;;
nudi;2;;990;2;;
states;2;;991;2;;
mise;2;;992;2;;
ncontro;2;;993;2;;
mira;2;;994;2;;
rachele;2;;995;2;;
feggia;2;;996;2;;
mio»;2;;997;2;;
«questo;2;;998;2;;
verace;2;;999;2;;
palme;2;;1000;2;;
scritta;2;;1001;2;;
perder;2;;1002;2;;
senso;2;;1003;2;;
contenti;2;;1004;2;;
senta;2;;1005;2;;
senti;2;;1006;2;;
punta;2;;1007;2;;
punte;2;;1008;2;;
punti;2;;1009;2;;
manda;2;;1010;2;;
lodo;2;;1011;2;;
use;2;;1012;2;;
lunge;2;;1013;2;;
convene;2;;1014;2;;
glorïoso;2;;1015;2;;
ntelletto;2;;1016;2;;
esce;2;;1017;2;;
vecchia;2;;1018;2;;
mei;2;;1019;2;;
lagrimando;2;;1020;2;;
cupo;2;;1021;2;;
fiamma;2;;1022;2;;
gliel;2;;1023;2;;
schiere;2;;1024;2;;
mali;2;;1025;2;;
famiglia;2;;1026;2;;
mala;2;;1027;2;;
spento;2;;1028;2;;
lasse;2;;1029;2;;
negato;2;;1030;2;;
lasciando;2;;1031;2;;
accorri;2;;1032;2;;
accorse;2;;1033;2;;
dienno;2;;1034;2;;
dirne;2;;1035;2;;
verrai;2;;1036;2;;
«guarda;2;;1037;2;;
beato;2;;1038;2;;
van;2;;1039;2;;
richiamava;2;;1040;2;;
movemmo;2;;1041;2;;
essere;2;;1042;2;;
cigne;2;;1043;2;;
essi;2;;1044;2;;
punge;2;;1045;2;;
sofferto;2;;1046;2;;
rechi;2;;1047;2;;
peccator;2;;1048;2;;
figliuolo;2;;1049;2;;
vii;2;;1050;2;;
vicenda;2;;1051;2;;
spavento;2;;1052;2;;
sinistro;2;;1053;2;;
iacopo;2;;1054;2;;
farem;2;;1055;2;;
tesoro;2;;1056;2;;
nver;2;;1057;2;;
chiama;2;;1058;2;;
coperchio;2;;1059;2;;
zuffa;2;;1060;2;;
volve;2;;1061;2;;
maladetta;2;;1062;2;;
ell;2;;1063;2;;
maladetto;2;;1064;2;;
vedessi;2;;1065;2;;
magnanimo;2;;1066;2;;
strani;2;;1067;2;;
possente;2;;1068;2;;
dispetto;2;;1069;2;;
pinse;2;;1070;2;;
nfino;2;;1071;2;;
coperchi;2;;1072;2;;
tegghiaio;2;;1073;2;;
rimase;2;;1074;2;;
scoperto;2;;1075;2;;
supin;2;;1076;2;;
veggendo;2;;1077;2;;
rimane;2;;1078;2;;
sembiante;2;;1079;2;;
vergogna;2;;1080;2;;
cocca;2;;1081;2;;
splende;2;;1082;2;;
pianti;2;;1083;2;;
meglio;2;;1084;2;;
quarto;2;;1085;2;;
chiara;2;;1086;2;;
chiamò;2;;1087;2;;
barba;2;;1088;2;;
nero;2;;1089;2;;
suole;2;;1090;2;;
nere;2;;1091;2;;
suolo;2;;1092;2;;
volge;2;;1093;2;;
suoni;2;;1094;2;;
conoscer;2;;1095;2;;
trapassar;2;;1096;2;;
neve;2;;1097;2;;
solver;2;;1098;2;;
giri;2;;1099;2;;
venuto;2;;1100;2;;
venuti;2;;1101;2;;
farne;2;;1102;2;;
rado;2;;1103;2;;
colpe;2;;1104;2;;
colpo;2;;1105;2;;
nessuno;2;;1106;2;;
biasmo;2;;1107;2;;
popolo;2;;1108;2;;
metro;2;;1109;2;;
giva;2;;1110;2;;
volle;2;;1111;2;;
bontade;2;;1112;2;;
sovrano;2;;1113;2;;
borsa;2;;1114;2;;
nvidia;2;;1115;2;;
risposto;2;;1116;2;;
saetta;2;;1117;2;;
ebber;2;;1118;2;;
suol;2;;1119;2;;
fei;2;;1120;2;;
aperse;2;;1121;2;;
stette;2;;1122;2;;
donne;2;;1123;2;;
cotto;2;;1124;2;;
ignudi;2;;1125;2;;
«come;2;;1126;2;;
gridai;2;;1127;2;;
pàrtiti;2;;1128;2;;
superbia;2;;1129;2;;
ntorno;2;;1130;2;;
disfatto;2;;1131;2;;
condizion;2;;1132;2;;
perde;2;;1133;2;;
dicer;2;;1134;2;;
at;2;;1135;2;;
strinse;2;;1136;2;;
rami;2;;1137;2;;
scendemmo;2;;1138;2;;
cener;2;;1139;2;;
sommo;2;;1140;2;;
iasón;2;;1141;2;;
cespuglio;2;;1142;2;;
ragione;2;;1143;2;;
scheggia;2;;1144;2;;
er;2;;1145;2;;
volontieri;2;;1146;2;;
porti»;2;;1147;2;;
fiumicello;2;;1148;2;;
necessità;2;;1149;2;;
tieni;2;;1150;2;;
facean;2;;1151;2;;
rossa;2;;1152;2;;
lusinghe;2;;1153;2;;
caron;2;;1154;2;;
vere;2;;1155;2;;
divino;2;;1156;2;;
ii;2;;1157;2;;
vera;2;;1158;2;;
carne;2;;1159;2;;
iv;2;;1160;2;;
ix;2;;1161;2;;
ode;2;;1162;2;;
riceve;2;;1163;2;;
odo;2;;1164;2;;
giudicio;2;;1165;2;;
piede;2;;1166;2;;
lonza;2;;1167;2;;
salvo;2;;1168;2;;
ogn;2;;1169;2;;
onesto;2;;1170;2;;
compagnia;2;;1171;2;;
dimora;2;;1172;2;;
om;2;;1173;2;;
dito;2;;1174;2;;
degno;2;;1175;2;;
augusto;2;;1176;2;;
favelle;2;;1177;2;;
seco;2;;1178;2;;
dirò;2;;1179;2;;
arpie;2;;1180;2;;
belle;2;;1181;2;;
bello;2;;1182;2;;
cento;2;;1183;2;;
orme;2;;1184;2;;
süo;2;;1185;2;;
ve;2;;1186;2;;
dirotti;2;;1187;2;;
ventre;2;;1188;2;;
ruffian;2;;1189;2;;
portate;2;;1190;2;;
maggiori;2;;1191;2;;
xi;2;;1192;2;;
xv;2;;1193;2;;
xx;2;;1194;2;;
dimostra;2;;1195;2;;
ncendio;2;;1196;2;;
«io;2;;1197;2;;
costà;2;;1198;2;;
graffia;2;;1199;2;;
quant;2;;1200;2;;
segui;2;;1201;2;;
lasciò;2;;1202;2;;
semo;2;;1203;2;;
ragionato;2;;1204;2;;
dottore;2;;1205;2;;
messo;2;;1206;2;;
ponte;2;;1207;2;;
seme;2;;1208;2;;
amico;2;;1209;2;;
assale;2;;1210;2;;
located;2;;1211;2;;
udirai;2;;1212;2;;
altissimo;2;;1213;2;;
lascia;2;;1214;2;;
coro;2;;1215;2;;
dato;2;;1216;2;;
xii;2;;1217;2;;
coste;2;;1218;2;;
xiv;2;;1219;2;;
xix;2;;1220;2;;
mesta;2;;1221;2;;
paese;2;;1222;2;;
altrimenti;2;;1223;2;;
gir;2;;1224;2;;
«là;2;;1225;2;;
«siete;2;;1226;2;;
intendi;2;;1227;2;;
dolorosa;2;;1228;2;;
intelletto;2;;1229;2;;
basta;2;;1230;2;;
sesto;2;;1231;2;;
basti;2;;1232;2;;
discoscesa;2;;1233;2;;
desta;2;;1234;2;;
misero;2;;1235;2;;
lascerò;2;;1236;2;;
torto;2;;1237;2;;
giuro;2;;1238;2;;
saggio;2;;1239;2;;
onrata;2;;1240;2;;
mostrocci;2;;1241;2;;
avrebber;2;;1242;2;;
creature;2;;1243;2;;
groppa;2;;1244;2;;
«sì;2;;1245;2;;
pregai;2;;1246;2;;
cerchi;2;;1247;2;;
vaneggia;2;;1248;2;;
segnato;2;;1249;2;;
with;2;;1250;2;;
disposto;2;;1251;2;;
mento;2;;1252;2;;
pel;2;;1253;2;;
xvi;2;;1254;2;;
groppo;2;;1255;2;;
giugnemmo;2;;1256;2;;
tacere;2;;1257;2;;
pietre;2;;1258;2;;
tronca;2;;1259;2;;
riguardando;2;;1260;2;;
arno;2;;1261;2;;
surge;2;;1262;2;;
distesa;2;;1263;2;;
disiri;2;;1264;2;;
porsi;2;;1265;2;;
conforta;2;;1266;2;;
pastor;2;;1267;2;;
avanzar;2;;1268;2;;
castelli;2;;1269;2;;
castello;2;;1270;2;;
muto;2;;1271;2;;
muta;2;;1272;2;;
ritto;2;;1273;2;;
coloro;2;;1274;2;;
fregi;2;;1275;2;;
vallon;2;;1276;2;;
fiorenza;2;;1277;2;;
fatte;2;;1278;2;;
lato;2;;1279;2;;
offesa;2;;1280;2;;
ruscel;2;;1281;2;;
mutò;2;;1282;2;;
offesi;2;;1283;2;;
ubidir;2;;1284;2;;
pro;2;;1285;2;;
vedere;2;;1286;2;;
secreto;2;;1287;2;;
ardire;2;;1288;2;;
bolle;2;;1289;2;;
spezie;2;;1290;2;;
sciolta;2;;1291;2;;
miran;2;;1292;2;;
bruno;2;;;2;;1293
pesi;2;;;2;;
mondo»;2;;;2;;
giunse;2;;;2;;
temer;2;;;2;;
«figliuol;2;;;2;;
sabbione;2;;;2;;
giunte;2;;;2;;
satàn;2;;;2;;
giunto;2;;;2;;
torse;2;;;2;;
attrista;2;;;2;;
sterpi;2;;;2;;
nepote;2;;;2;;
offizio;2;;;2;;
tace;2;;;2;;
torni;2;;;2;;
sospinse;2;;;2;;
dèi;2;;;2;;
nocchier;2;;;2;;
croce;2;;;2;;
serra;2;;;2;;
notando;2;;;2;;
natio;2;;;2;;
discesi;2;;;2;;
maraviglia;2;;;2;;
mostra;2;;;2;;
xvii;2;;;2;;
mostri;2;;;2;;
tant;2;;;2;;
soli;2;;;2;;
tacendo;2;;;2;;
guardommi;2;;;2;;
ambedue;2;;;2;;
siete;2;;;2;;
tratto;2;;;2;;
bene;2;;;2;;
fangose;2;;;2;;
diece;2;;;2;;
patrïa;2;;;2;;
servo;2;;;2;;
ristette;2;;;2;;
altezza;2;;;2;;
morir;2;;;2;;
foggia;2;;;2;;
flegetonta;2;;;2;;
sospirando;2;;;2;;
faci;2;;;2;;
spira;2;;;2;;
poppa;2;;;2;;
tromba;2;;;2;;
lamenti;2;;;2;;
simil;2;;;2;;
veduto;2;;;2;;
bestie;2;;;2;;
sanno;2;;;2;;
tetro;2;;;2;;
fiato;2;;;2;;
«vedi;2;;;2;;
iii;2;;;2;;
diletto;2;;;2;;
orecchi;2;;;2;;
cadde;2;;;2;;
impera;2;;;2;;
caddi;2;;;2;;
puzzo;2;;;2;;
avean;2;;;2;;
venite;2;;;2;;
roman;2;;;2;;
gittò;2;;;2;;
trovai;2;;;2;;
spada;2;;;2;;
stessi;2;;;2;;
nido;2;;;2;;
pone;2;;;2;;
error;2;;;2;;
pomi;2;;;2;;
orribili;2;;;2;;
orribile;2;;;2;;
fare;2;;;2;;
uomini;2;;;2;;
pronte;2;;;2;;
quanta;2;;;2;;
fonte;2;;;2;;
passa;2;;;2;;
gride;2;;;2;;
soavi;2;;;2;;
soave;2;;;2;;
chiese;2;;;2;;
sazio;2;;;2;;
cinta;2;;;2;;
duce;2;;;2;;
posa;2;;;2;;
sabbion;2;;;2;;
united;2;;;2;;
benigno;2;;;2;;
aggira;2;;;2;;
fresca;2;;;2;;
quante;2;;;2;;
memoria;2;;;2;;
ria;2;;;2;;
intrammo;2;;;2;;
virgilio;2;;;2;;
ritorni;2;;;2;;
punito;2;;;2;;
tormenti;2;;;2;;
venian;2;;;2;;
tormenta;2;;;2;;
xviii;2;;;2;;
lenta;2;;;2;;
achille;2;;;2;;
futuro;2;;;2;;
saria;2;;;2;;
odio;2;;;2;;
saran;2;;;2;;
tace»;2;;;2;;
atto;2;;;2;;
confessa;2;;;2;;
and;2;;;2;;
credendo;2;;;2;;
tolta;2;;;2;;
vittoria;2;;;2;;
tolsi;2;;;2;;
tolse;2;;;2;;
traccia;2;;;2;;
passammo;2;;;2;;
prossimo;2;;;2;;
cacciati;2;;;2;;
parlare;2;;;2;;
strema;2;;;2;;
ciascuno;2;;;2;;
are;2;;;2;;
priega;2;;;2;;
vicino;2;;;2;;
virtute;2;;;2;;
passavam;2;;;2;;
gelo;2;;;2;;
rinier;2;;;2;;
fango;2;;;2;;
guata;2;;;2;;
piano;2;;;2;;
luoghi;2;;;2;;
gent;2;;;2;;
viii;2;;;2;;
rusticucci;2;;;2;;
proprio;2;;;2;;
lettor;2;;;2;;
alpe;2;;;2;;
nata;2;;;2;;
nati;2;;;2;;
demon;2;;;2;;
spregiando;2;;;2;;
naso;2;;;2;;
pensa;2;;;2;;
incontenenza;2;;;2;;
nave;2;;;2;;
luca;2;;;2;;
giudica;2;;;2;;
dottor;2;;;2;;
most;2;;;2;;
ntesi;2;;;2;;
tenebre;2;;;2;;
move;2;;;2;;
morì;2;;;2;;
potea;2;;;2;;
figlio;2;;;2;;
tasca;2;;;2;;
frange;2;;;2;;
viltade;2;;;2;;
nemico;2;;;2;;
parenti;2;;;2;;
parente;2;;;2;;
ser;2;;;2;;
leggemmo;2;;;2;;
intrar;2;;;2;;
viva;2;;;2;;
sentia;2;;;2;;
lucia;2;;;2;;
molta;2;;;2;;
setta;2;;;2;;
luna;2;;;2;;
cieco;2;;;2;;
lume;2;;;2;;
feltro;2;;;2;;
batte;2;;;2;;
riguardai;2;;;2;;
sponda;2;;;2;;
cieca;2;;;2;;
sian;2;;;2;;
siam;2;;;2;;
riversa;2;;;2;;
avversi;2;;;2;;
passando;2;;;2;;
riviera;2;;;2;;
posto;2;;;2;;
trovammo;2;;;2;;
secondo»;2;;;2;;
burrato;2;;;2;;
vòlti;2;;;2;;
stanca;2;;;2;;
farinata;2;;;2;;
dimandare»;2;;;2;;
isnelle;2;;;2;;
angelica;2;;;2;;
lorda;2;;;2;;
argini;2;;;2;;
lordo;2;;;2;;
fuoro;2;;;2;;
cruccia;2;;;2;;
vanto;2;;;2;;
saper;2;;;2;;
onda;2;;;2;;
randa;2;;;2;;
beatrice;2;;;2;;
cammilla;2;;;2;;
ferute;2;;;2;;
guido;2;;;2;;
eletto;2;;;2;;
seconda;2;;;2;;
verrò;2;;;2;;
vince;2;;;2;;
divenimmo;2;;;2;;
bianco;2;;;2;;
arte»;2;;;2;;
guida;2;;;2;;
livida;2;;;2;;
«deh;2;;;2;;
fiacca;2;;;2;;
arche;2;;;2;;
vieta;2;;;2;;
fitto;2;;;2;;
morti»;2;;;2;;
parla;2;;;2;;
versi;2;;;2;;
dicesti;2;;;2;;
scesa;2;;;2;;
caccerà;2;;;2;;
canti;2;;;2;;
vieni;2;;;2;;
fenestra;1;;;1;;
guardi;1;;;1;;
guardo;1;;;1;;
«saper;1;;;1;;
scïenzïa;1;;;1;;
sconoscente;1;;;1;;
troia;1;;;1;;
facëa;1;;;1;;
colchi;1;;;1;;
hai»;1;;;1;;
rifondarno;1;;;1;;
corna;1;;;1;;
macigno;1;;;1;;
lega;1;;;1;;
facevano;1;;;1;;
avvolte;1;;;1;;
lasciavam;1;;;1;;
novità;1;;;1;;
volontier;1;;;1;;
ampiezza;1;;;1;;
padrone;1;;;1;;
fruttare;1;;;1;;
flegra;1;;;1;;
risponde;1;;;1;;
mostrar;1;;;1;;
risponda;1;;;1;;
grotta;1;;;1;;
guardar;1;;;1;;
tempie;1;;;1;;
tedeschi;1;;;1;;
foracchiato;1;;;1;;
concedi;1;;;1;;
cavalieri;1;;;1;;
concede;1;;;1;;
infiniti;1;;;1;;
soffiò;1;;;1;;
cen;1;;;1;;
conceda;1;;;1;;
gole;1;;;1;;
sepolto;1;;;1;;
pier;1;;;1;;
ficcaï;1;;;1;;
ampia;1;;;1;;
scerpi;1;;;1;;
guardai;1;;;1;;
ampio;1;;;1;;
soluto»;1;;;1;;
passare;1;;;1;;
te»;1;;;1;;
consorti;1;;;1;;
doccia;1;;;1;;
torti»;1;;;1;;
volsimi;1;;;1;;
sepulture;1;;;1;;
avara;1;;;1;;
recherà;1;;;1;;
fatto»;1;;;1;;
sali;1;;;1;;
«avante;1;;;1;;
avermi;1;;;1;;
omero;1;;;1;;
guardò;1;;;1;;
scerna;1;;;1;;
sommersi;1;;;1;;
cozzi;1;;;1;;
patrïarca;1;;;1;;
sommersa;1;;;1;;
comprender;1;;;1;;
acheronte;1;;;1;;
salutevol;1;;;1;;
dottrina;1;;;1;;
dilettoso;1;;;1;;
ribelli;1;;;1;;
check;1;;;1;;
fredda;1;;;1;;
conio»;1;;;1;;
cangiar;1;;;1;;
sòle;1;;;1;;
corniglia;1;;;1;;
freddo;1;;;1;;
nvolti;1;;;1;;
tirannia;1;;;1;;
podestate;1;;;1;;
idre;1;;;1;;
ricenti;1;;;1;;
attento;1;;;1;;
largisse;1;;;1;;
discernessi;1;;;1;;
stizzo;1;;;1;;
termini;1;;;1;;
tristano»;1;;;1;;
contraria;1;;;1;;
cozzo;1;;;1;;
sommerso;1;;;1;;
omeri;1;;;1;;
stimolati;1;;;1;;
cocito;1;;;1;;
faccian;1;;;1;;
tarquino;1;;;1;;
saladino;1;;;1;;
gravida;1;;;1;;
soperchio»;1;;;1;;
danni»;1;;;1;;
venirvi;1;;;1;;
presta;1;;;1;;
sposa;1;;;1;;
tremando;1;;;1;;
piomba;1;;;1;;
spose;1;;;1;;
cacciò;1;;;1;;
«riconoscimi;1;;;1;;
aldobrandi;1;;;1;;
moïsè;1;;;1;;
suona»;1;;;1;;
giacean;1;;;1;;
sciaurati;1;;;1;;
reverenza;1;;;1;;
scanno;1;;;1;;
famoso;1;;;1;;
caggia;1;;;1;;
campion;1;;;1;;
gora;1;;;1;;
langue;1;;;1;;
fesse;1;;;1;;
moglie;1;;;1;;
fedeli;1;;;1;;
bramosa;1;;;1;;
fedele;1;;;1;;
consunto»;1;;;1;;
fuggirsi;1;;;1;;
successor;1;;;1;;
xxxiii;1;;;1;;
scipa;1;;;1;;
ospizio;1;;;1;;
infiammar;1;;;1;;
visitando;1;;;1;;
adagia;1;;;1;;
quinc;1;;;1;;
risonar;1;;;1;;
have;1;;;1;;
«guai;1;;;1;;
andi;1;;;1;;
poeti;1;;;1;;
rimembra;1;;;1;;
gota;1;;;1;;
anca;1;;;1;;
gote;1;;;1;;
guizzante;1;;;1;;
rimembri;1;;;1;;
partirsi;1;;;1;;
aperta»;1;;;1;;
ponticelli;1;;;1;;
stanche;1;;;1;;
guazzo;1;;;1;;
toglie;1;;;1;;
sacco;1;;;1;;
apporta;1;;;1;;
avrà;1;;;1;;
parlarmi;1;;;1;;
buccia;1;;;1;;
lai;1;;;1;;
abbracce;1;;;1;;
sollo;1;;;1;;
rimagno;1;;;1;;
costantin;1;;;1;;
schiena;1;;;1;;
bragia;1;;;1;;
avieno;1;;;1;;
spiccia;1;;;1;;
dicono;1;;;1;;
eurialo;1;;;1;;
averien;1;;;1;;
aletto;1;;;1;;
savi;1;;;1;;
lesa;1;;;1;;
arnie;1;;;1;;
salito;1;;;1;;
scalpitar;1;;;1;;
drudo;1;;;1;;
dimandò;1;;;1;;
abbatte;1;;;1;;
spiace;1;;;1;;
fui”;1;;;1;;
andò;1;;;1;;
poterebbe;1;;;1;;
peltro;1;;;1;;
«ritorna;1;;;1;;
primaio;1;;;1;;
giacëa;1;;;1;;
filippo;1;;;1;;
penitenza;1;;;1;;
alpestro;1;;;1;;
raccesa;1;;;1;;
costrutto;1;;;1;;
perduto»;1;;;1;;
primaia;1;;;1;;
intrata;1;;;1;;
saliva;1;;;1;;
«bene;1;;;1;;
intrate;1;;;1;;
veramente;1;;;1;;
offerse;1;;;1;;
stende;1;;;1;;
dolve;1;;;1;;
verranno»;1;;;1;;
tui;1;;;1;;
latra;1;;;1;;
similmente;1;;;1;;
fuia;1;;;1;;
marchese;1;;;1;;
piantato;1;;;1;;
ascoltai;1;;;1;;
rispuoser;1;;;1;;
opposito;1;;;1;;
tremar;1;;;1;;
esperïenza;1;;;1;;
scogli;1;;;1;;
tebe;1;;;1;;
fallia;1;;;1;;
starà;1;;;1;;
platone;1;;;1;;
nobilitate;1;;;1;;
biondo;1;;;1;;
abbracciar;1;;;1;;
riconoscere;1;;;1;;
rimbomba»;1;;;1;;
radici;1;;;1;;
reverente;1;;;1;;
ghirlanda;1;;;1;;
stingueva;1;;;1;;
radice;1;;;1;;
piango»;1;;;1;;
comandò;1;;;1;;
rinova;1;;;1;;
oramai;1;;;1;;
giovanni;1;;;1;;
presa;1;;;1;;
mercé;1;;;1;;
rimessa;1;;;1;;
contasto;1;;;1;;
ipocràte;1;;;1;;
offerto;1;;;1;;
scovra»;1;;;1;;
ripensando;1;;;1;;
traemmoci;1;;;1;;
conoscitor;1;;;1;;
anno;1;;;1;;
ngegni;1;;;1;;
meschite;1;;;1;;
ngegno;1;;;1;;
rivolve;1;;;1;;
selvaggio;1;;;1;;
stecchi;1;;;1;;
megera;1;;;1;;
deïtade;1;;;1;;
lussuria;1;;;1;;
marzïa;1;;;1;;
qui»;1;;;1;;
stabilita;1;;;1;;
apparecchiava;1;;;1;;
fiamminghi;1;;;1;;
ergea;1;;;1;;
dimandi;1;;;1;;
rimarrai;1;;;1;;
tòsco;1;;;1;;
recarne;1;;;1;;
sùbiti;1;;;1;;
away;1;;;1;;
menato;1;;;1;;
immortale;1;;;1;;
rivolto;1;;;1;;
perduta;1;;;1;;
ruppemi;1;;;1;;
attendo;1;;;1;;
destino;1;;;1;;
abbandono;1;;;1;;
garra;1;;;1;;
perduto;1;;;1;;
nteser;1;;;1;;
start;1;;;1;;
umano;1;;;1;;
perduti;1;;;1;;
macolato;1;;;1;;
rivolsi;1;;;1;;
nebbia;1;;;1;;
repleta;1;;;1;;
studio;1;;;1;;
piova»;1;;;1;;
aspetta;1;;;1;;
satiro;1;;;1;;
enëa;1;;;1;;
elena;1;;;1;;
intrò;1;;;1;;
salvazione;1;;;1;;
augel;1;;;1;;
folgore;1;;;1;;
uscisse;1;;;1;;
caina;1;;;1;;
costinci;1;;;1;;
aperto»;1;;;1;;
dallato;1;;;1;;
baràtro;1;;;1;;
provide;1;;;1;;
sartor;1;;;1;;
ahimè;1;;;1;;
continüo;1;;;1;;
saper»;1;;;1;;
cessar;1;;;1;;
falcon;1;;;1;;
guizzando;1;;;1;;
bige;1;;;1;;
angeli;1;;;1;;
consuma;1;;;1;;
grasso;1;;;1;;
‘e;1;;;1;;
raccoglie;1;;;1;;
abbandonò;1;;;1;;
darebbe;1;;;1;;
ubidisti;1;;;1;;
furor;1;;;1;;
dritte;1;;;1;;
manto;1;;;1;;
dritta;1;;;1;;
fiesole;1;;;1;;
menare;1;;;1;;
paulo;1;;;1;;
sasso;1;;;1;;
dibattero;1;;;1;;
avaro;1;;;1;;
medusa;1;;;1;;
ragioniam;1;;;1;;
tronchi;1;;;1;;
ricoperse;1;;;1;;
caòsso;1;;;1;;
pòne;1;;;1;;
arrivammo;1;;;1;;
caninamente;1;;;1;;
piangon;1;;;1;;
pape;1;;;1;;
papa;1;;;1;;
tele;1;;;1;;
andati»;1;;;1;;
peccaro;1;;;1;;
papi;1;;;1;;
spazzo;1;;;1;;
attristiam;1;;;1;;
dono;1;;;1;;
dispoglia;1;;;1;;
summo;1;;;1;;
oltracotanza;1;;;1;;
letame;1;;;1;;
pinser;1;;;1;;
erra;1;;;1;;
cantai;1;;;1;;
montagna;1;;;1;;
uccide;1;;;1;;
chinando;1;;;1;;
erto;1;;;1;;
igualmente;1;;;1;;
letane;1;;;1;;
“i;1;;;1;;
corte;1;;;1;;
subitamente;1;;;1;;
peccato;1;;;1;;
strozza;1;;;1;;
gerïone;1;;;1;;
tene;1;;;1;;
temp;1;;;1;;
stagliata;1;;;1;;
dandole;1;;;1;;
avicenna;1;;;1;;
fuggendo;1;;;1;;
peccata;1;;;1;;
corsa;1;;;1;;
meschine;1;;;1;;
cupidigia;1;;;1;;
nella;1;;;1;;
mézzo;1;;;1;;
merto;1;;;1;;
corse;1;;;1;;
dee;1;;;1;;
succia;1;;;1;;
affannata;1;;;1;;
dei;1;;;1;;
«voi;1;;;1;;
campar;1;;;1;;
zucca;1;;;1;;
preco;1;;;1;;
moviensi;1;;;1;;
dote;1;;;1;;
affannate;1;;;1;;
spezïal;1;;;1;;
capre;1;;;1;;
prun;1;;;1;;
compiange;1;;;1;;
caldi»;1;;;1;;
«vedrai;1;;;1;;
congiurato;1;;;1;;
ladron;1;;;1;;
ferze;1;;;1;;
ferza;1;;;1;;
suggel;1;;;1;;
dismisura;1;;;1;;
”»;1;;;1;;
rovinava;1;;;1;;
preda;1;;;1;;
rotture;1;;;1;;
simonia;1;;;1;;
direi;1;;;1;;
abèl;1;;;1;;
ardori;1;;;1;;
volete;1;;;1;;
tesa;1;;;1;;
dipartille;1;;;1;;
fioretti;1;;;1;;
accora»;1;;;1;;
monta;1;;;1;;
dipartilla;1;;;1;;
patre;1;;;1;;
celai;1;;;1;;
crucciasse;1;;;1;;
mpedimento;1;;;1;;
sortille»;1;;;1;;
ardore;1;;;1;;
sommesse;1;;;1;;
celar;1;;;1;;
appesi;1;;;1;;
cerchiato;1;;;1;;
«vien;1;;;1;;
insin;1;;;1;;
aduni;1;;;1;;
seguace;1;;;1;;
cansar;1;;;1;;
fiero;1;;;1;;
fiammette;1;;;1;;
antiche;1;;;1;;
under;1;;;1;;
fisica;1;;;1;;
sconcia;1;;;1;;
parte»;1;;;1;;
ripigneva;1;;;1;;
lasciai;1;;;1;;
sconcio;1;;;1;;
grossi;1;;;1;;
pregi;1;;;1;;
aspra;1;;;1;;
nudo;1;;;1;;
dicevan;1;;;1;;
test;1;;;1;;
virtude;1;;;1;;
umile;1;;;1;;
girone»;1;;;1;;
seguimi;1;;;1;;
monti;1;;;1;;
tornand;1;;;1;;
nuda;1;;;1;;
aspro;1;;;1;;
colombe;1;;;1;;
crine;1;;;1;;
aspri;1;;;1;;
intoppa;1;;;1;;
aspre;1;;;1;;
essamina;1;;;1;;
misi;1;;;1;;
nsieme;1;;;1;;
hanno”;1;;;1;;
raccapriccia;1;;;1;;
tornare;1;;;1;;
title;1;;;1;;
adorar;1;;;1;;
tomi»;1;;;1;;
sicurtà;1;;;1;;
«nessun;1;;;1;;
rivederà;1;;;1;;
piacer;1;;;1;;
girammo;1;;;1;;
passeggiati;1;;;1;;
partia;1;;;1;;
ncontra;1;;;1;;
prega;1;;;1;;
aggiunto;1;;;1;;
vïolenta;1;;;1;;
asticciuole;1;;;1;;
campare;1;;;1;;
timido;1;;;1;;
vïolenti;1;;;1;;
diè;1;;;1;;
grama;1;;;1;;
calcagni;1;;;1;;
seno»;1;;;1;;
grame;1;;;1;;
«questi;1;;;1;;
fante;1;;;1;;
credea;1;;;1;;
zenone;1;;;1;;
tacerci;1;;;1;;
aggroppata;1;;;1;;
elli»;1;;;1;;
annegava;1;;;1;;
creder;1;;;1;;
volvi»;1;;;1;;
vïolenza;1;;;1;;
contenta;1;;;1;;
perdei;1;;;1;;
allette;1;;;1;;
siamo;1;;;1;;
prema;1;;;1;;
scritte;1;;;1;;
tornaro;1;;;1;;
alzate;1;;;1;;
contents;1;;;1;;
fermò;1;;;1;;
verrem;1;;;1;;
contento;1;;;1;;
trarrotti;1;;;1;;
falsità;1;;;1;;
greggia;1;;;1;;
lucano;1;;;1;;
mando;1;;;1;;
bando;1;;;1;;
sente;1;;;1;;
commise;1;;;1;;
feci;1;;;1;;
negra”;1;;;1;;
rotando;1;;;1;;
mago;1;;;1;;
feda;1;;;1;;
adeschi;1;;;1;;
testimonio;1;;;1;;
masnada;1;;;1;;
chiamando;1;;;1;;
banda;1;;;1;;
smarrita;1;;;1;;
ritrar;1;;;1;;
may;1;;;1;;
manco;1;;;1;;
credesse;1;;;1;;
fiammella;1;;;1;;
loda;1;;;1;;
tornato;1;;;1;;
sciocche;1;;;1;;
fiammelle;1;;;1;;
lode;1;;;1;;
aiutate;1;;;1;;
bisogno;1;;;1;;
vidine;1;;;1;;
chiudessi;1;;;1;;
usa;1;;;1;;
opera;1;;;1;;
delira»;1;;;1;;
cuna;1;;;1;;
difetti;1;;;1;;
senni;1;;;1;;
gridavan;1;;;1;;
compianto;1;;;1;;
inno;1;;;1;;
cascherò;1;;;1;;
gette;1;;;1;;
fiorentino;1;;;1;;
libro;1;;;1;;
quantunque;1;;;1;;
esca;1;;;1;;
utf;1;;;1;;
ferme;1;;;1;;
furïosa;1;;;1;;
sodisfammi;1;;;1;;
volsersi;1;;;1;;
incese;1;;;1;;
ntelletti;1;;;1;;
basciato;1;;;1;;
infiammò;1;;;1;;
parton;1;;;1;;
divorarlo;1;;;1;;
corresse;1;;;1;;
leggera;1;;;1;;
fiede;1;;;1;;
solien;1;;;1;;
vecchie;1;;;1;;
risponder;1;;;1;;
agogna;1;;;1;;
alletta;1;;;1;;
curro;1;;;1;;
ricorse;1;;;1;;
included;1;;;1;;
ritrovai;1;;;1;;
menarvi;1;;;1;;
surger;1;;;1;;
quinto;1;;;1;;
ovidio;1;;;1;;
animi;1;;;1;;
saltella;1;;;1;;
bontà;1;;;1;;
trasseci;1;;;1;;
merda;1;;;1;;
cuor;1;;;1;;
soletto;1;;;1;;
talvolta;1;;;1;;
curi;1;;;1;;
rompieno;1;;;1;;
battuti;1;;;1;;
dipuose;1;;;1;;
spensi;1;;;1;;
tremavano;1;;;1;;
cura;1;;;1;;
dirsi;1;;;1;;
character;1;;;1;;
soletta;1;;;1;;
dispetta»;1;;;1;;
rossore;1;;;1;;
me»;1;;;1;;
escotendo;1;;;1;;
august;1;;;1;;
spenta;1;;;1;;
empie;1;;;1;;
ministra;1;;;1;;
empio;1;;;1;;
carentana;1;;;1;;
assalto»;1;;;1;;
essercito;1;;;1;;
animal;1;;;1;;
lavarsi;1;;;1;;
‘al;1;;;1;;
animai;1;;;1;;
accorta;1;;;1;;
muoion;1;;;1;;
affisse;1;;;1;;
accorte;1;;;1;;
accorti;1;;;1;;
insegnavate;1;;;1;;
xxxii;1;;;1;;
avrai;1;;;1;;
accorso;1;;;1;;
fele;1;;;1;;
rupper;1;;;1;;
caduto;1;;;1;;
lassi;1;;;1;;
«tosto;1;;;1;;
profani;1;;;1;;
berze;1;;;1;;
chinati;1;;;1;;
mugghia;1;;;1;;
«noi;1;;;1;;
lassa;1;;;1;;
apennino;1;;;1;;
spiacenti;1;;;1;;
volvea;1;;;1;;
piatti;1;;;1;;
xxxiv;1;;;1;;
negate;1;;;1;;
stan;1;;;1;;
affissi;1;;;1;;
estremità;1;;;1;;
inveschi;1;;;1;;
mmonito;1;;;1;;
sostener;1;;;1;;
richeggio;1;;;1;;
vivemo;1;;;1;;
dismonta»;1;;;1;;
trasmutato;1;;;1;;
ricominciar;1;;;1;;
imperadrice;1;;;1;;
‘fa;1;;;1;;
rigiugnerò;1;;;1;;
uccello;1;;;1;;
converso;1;;;1;;
bestialitade;1;;;1;;
abraàm;1;;;1;;
nfiata;1;;;1;;
dienne;1;;;1;;
condussi;1;;;1;;
valore;1;;;1;;
tegno;1;;;1;;
condusse;1;;;1;;
piangean;1;;;1;;
scrisse;1;;;1;;
stretto;1;;;1;;
onora;1;;;1;;
uscito;1;;;1;;
stretta;1;;;1;;
uscite;1;;;1;;
recently;1;;;1;;
«francesca;1;;;1;;
beati;1;;;1;;
onori;1;;;1;;
discendemmo;1;;;1;;
mare;1;;;1;;
gorgoglian;1;;;1;;
beate;1;;;1;;
dentr;1;;;1;;
fera;1;;;1;;
converrà;1;;;1;;
usciva;1;;;1;;
piace»;1;;;1;;
venendomi;1;;;1;;
digiuno»;1;;;1;;
tremante;1;;;1;;
fero;1;;;1;;
pessima;1;;;1;;
accennando;1;;;1;;
loto»;1;;;1;;
lanose;1;;;1;;
forti»;1;;;1;;
stilo;1;;;1;;
cigola;1;;;1;;
“buon;1;;;1;;
braccio;1;;;1;;
vas;1;;;1;;
michele;1;;;1;;
smalto;1;;;1;;
gorgo;1;;;1;;
distrutte;1;;;1;;
fannomi;1;;;1;;
polsi;1;;;1;;
accidïoso;1;;;1;;
dipartita»;1;;;1;;
noccia;1;;;1;;
spendio;1;;;1;;
conviene;1;;;1;;
gordo;1;;;1;;
feroce;1;;;1;;
eraclito;1;;;1;;
segnore»;1;;;1;;
nocchi;1;;;1;;
spera;1;;;1;;
tragetto;1;;;1;;
gusto;1;;;1;;
empireo;1;;;1;;
assettai;1;;;1;;
movien;1;;;1;;
feroci;1;;;1;;
legista;1;;;1;;
appasta;1;;;1;;
addur;1;;;1;;
dileguò;1;;;1;;
tombe;1;;;1;;
antichi;1;;;1;;
pieghi;1;;;1;;
corca»;1;;;1;;
sostenne;1;;;1;;
appar;1;;;1;;
piaci»;1;;;1;;
vermena;1;;;1;;
ven;1;;;1;;
venendo;1;;;1;;
belletta;1;;;1;;
argenti;1;;;1;;
gittansi;1;;;1;;
satisfaccia;1;;;1;;
esse;1;;;1;;
este;1;;;1;;
istava;1;;;1;;
qualità;1;;;1;;
dïogenès;1;;;1;;
seguiva;1;;;1;;
«alma;1;;;1;;
porsila;1;;;1;;
terminava;1;;;1;;
sgridò;1;;;1;;
speme;1;;;1;;
figurarlo;1;;;1;;
accostai;1;;;1;;
ficcar;1;;;1;;
convertì;1;;;1;;
commessa»;1;;;1;;
spene;1;;;1;;
accorgo;1;;;1;;
ricordo;1;;;1;;
grava;1;;;1;;
trema;1;;;1;;
opra;1;;;1;;
grave;1;;;1;;
poder;1;;;1;;
francia;1;;;1;;
averei;1;;;1;;
avien;1;;;1;;
ricorda;1;;;1;;
soavemente;1;;;1;;
omicide;1;;;1;;
perigliosa;1;;;1;;
miglior;1;;;1;;
eccede;1;;;1;;
volgemmo;1;;;1;;
inchinassi;1;;;1;;
nominanza;1;;;1;;
testé;1;;;1;;
orsatti;1;;;1;;
rapina;1;;;1;;
viste;1;;;1;;
viv;1;;;1;;
goda»;1;;;1;;
visto;1;;;1;;
pietosa;1;;;1;;
visaggio;1;;;1;;
gissi;1;;;1;;
lumera;1;;;1;;
verdissime;1;;;1;;
sonni;1;;;1;;
correndo;1;;;1;;
uscissimo;1;;;1;;
uscinci;1;;;1;;
insino;1;;;1;;
faran;1;;;1;;
ingannate;1;;;1;;
cotta;1;;;1;;
rattento;1;;;1;;
piangeva;1;;;1;;
elegge;1;;;1;;
pesci;1;;;1;;
cola»;1;;;1;;
«sòstati;1;;;1;;
figliuol»;1;;;1;;
periglio;1;;;1;;
ripresi;1;;;1;;
canzon;1;;;1;;
assalita»;1;;;1;;
ristrinse;1;;;1;;
scontrati;1;;;1;;
femmo;1;;;1;;
grazïa;1;;;1;;
teste;1;;;1;;
toppo;1;;;1;;
lussurïosa;1;;;1;;
turbo;1;;;1;;
turba;1;;;1;;
turbe;1;;;1;;
capaneo;1;;;1;;
testo;1;;;1;;
narrate;1;;;1;;
vedesti;1;;;1;;
maladetti;1;;;1;;
vantaggio;1;;;1;;
maladette;1;;;1;;
ringrazio;1;;;1;;
socrate;1;;;1;;
orfeo;1;;;1;;
assetta;1;;;1;;
eritón;1;;;1;;
riconosciuto;1;;;1;;
lombardi;1;;;1;;
encoding;1;;;1;;
rovente;1;;;1;;
volume;1;;;1;;
casto;1;;;1;;
podesta;1;;;1;;
labbra;1;;;1;;
raggio;1;;;1;;
scuffa;1;;;1;;
nobile;1;;;1;;
piangere;1;;;1;;
nazion;1;;;1;;
picciol;1;;;1;;
comandato;1;;;1;;
vissi;1;;;1;;
privati;1;;;1;;
rëa;1;;;1;;
spiega»;1;;;1;;
perverso;1;;;1;;
nota»;1;;;1;;
propinqua;1;;;1;;
caccianemico;1;;;1;;
rapaci;1;;;1;;
nasconde»;1;;;1;;
lieti;1;;;1;;
«domandal;1;;;1;;
largito;1;;;1;;
rotto;1;;;1;;
accoscia;1;;;1;;
urli;1;;;1;;
vuoi;1;;;1;;
rotte;1;;;1;;
comune;1;;;1;;
sepulcro;1;;;1;;
«gerïon;1;;;1;;
anassagora;1;;;1;;
sepulcri;1;;;1;;
dispetti;1;;;1;;
release;1;;;1;;
«onorate;1;;;1;;
concedette;1;;;1;;
cionca;1;;;1;;
leggeri»;1;;;1;;
turno;1;;;1;;
dovre;1;;;1;;
semenza»;1;;;1;;
bontate;1;;;1;;
lieve;1;;;1;;
miseramente;1;;;1;;
motto»;1;;;1;;
lieto;1;;;1;;
invio;1;;;1;;
sbarro;1;;;1;;
profonda;1;;;1;;
vïaggio;1;;;1;;
rispuosemi;1;;;1;;
coverta;1;;;1;;
pensava;1;;;1;;
soffi;1;;;1;;
medea;1;;;1;;
vangelista;1;;;1;;
cruda;1;;;1;;
pantan;1;;;1;;
crude;1;;;1;;
casso;1;;;1;;
coverto;1;;;1;;
forlì;1;;;1;;
moviti;1;;;1;;
pastori;1;;;1;;
nfiammati;1;;;1;;
busto;1;;;1;;
vedestù;1;;;1;;
tresca;1;;;1;;
frustato;1;;;1;;
riga;1;;;1;;
abito;1;;;1;;
appreser;1;;;1;;
alessio;1;;;1;;
tumulto;1;;;1;;
orrevol;1;;;1;;
serrando;1;;;1;;
guadagni;1;;;1;;
durerà;1;;;1;;
scoperta;1;;;1;;
serena»;1;;;1;;
bestemmiavano;1;;;1;;
deianira;1;;;1;;
rimani;1;;;1;;
cent;1;;;1;;
sembianti;1;;;1;;
scroscio;1;;;1;;
proposto;1;;;1;;
perdona;1;;;1;;
mercedi;1;;;1;;
«ond;1;;;1;;
ricadde;1;;;1;;
peggio;1;;;1;;
morde;1;;;1;;
ceraste;1;;;1;;
calle»;1;;;1;;
lancialotto;1;;;1;;
ceffo;1;;;1;;
cantica;1;;;1;;
popol;1;;;1;;
cascata;1;;;1;;
andai;1;;;1;;
permutasse;1;;;1;;
scoperchiata;1;;;1;;
morda;1;;;1;;
assanna»;1;;;1;;
sorella;1;;;1;;
fendea;1;;;1;;
toro;1;;;1;;
vieta»;1;;;1;;
pascendo;1;;;1;;
render;1;;;1;;
chiamaste;1;;;1;;
chiaro;1;;;1;;
vegne;1;;;1;;
vegna;1;;;1;;
proposta;1;;;1;;
intento;1;;;1;;
smarri;1;;;1;;
ingannò;1;;;1;;
quarta;1;;;1;;
ignoranza;1;;;1;;
cocea;1;;;1;;
dilli;1;;;1;;
silvïo;1;;;1;;
troncandosi;1;;;1;;
sovrasta;1;;;1;;
nicchia;1;;;1;;
amorosa;1;;;1;;
suoli;1;;;1;;
strade;1;;;1;;
incrocicchia;1;;;1;;
interminei;1;;;1;;
uscivan;1;;;1;;
sorrise;1;;;1;;
pentuta;1;;;1;;
età;1;;;1;;
nera;1;;;1;;
piene;1;;;1;;
lerci;1;;;1;;
raggiunge;1;;;1;;
barca;1;;;1;;
imborsa;1;;;1;;
quattro;1;;;1;;
«attienti;1;;;1;;
scurïada;1;;;1;;
mordesse;1;;;1;;
rima;1;;;1;;
cera;1;;;1;;
tinto;1;;;1;;
opizzo;1;;;1;;
falconiere;1;;;1;;
nuoce»;1;;;1;;
suona;1;;;1;;
fossero»;1;;;1;;
impetüoso;1;;;1;;
solvi»;1;;;1;;
mostrommi;1;;;1;;
coronato;1;;;1;;
ripe;1;;;1;;
mbocche;1;;;1;;
iosafàt;1;;;1;;
colto;1;;;1;;
tinte;1;;;1;;
incredibile;1;;;1;;
volga;1;;;1;;
perso;1;;;1;;
discendiamo;1;;;1;;
nganno;1;;;1;;
inganno;1;;;1;;
correnti;1;;;1;;
orgoglio;1;;;1;;
franchezza;1;;;1;;
«omè;1;;;1;;
colsi;1;;;1;;
persa;1;;;1;;
scaldata;1;;;1;;
inganni;1;;;1;;
prende;1;;;1;;
fastidiosi;1;;;1;;
sbigottir;1;;;1;;
inganna;1;;;1;;
sazie»;1;;;1;;
effetto;1;;;1;;
colmo;1;;;1;;
smorto;1;;;1;;
piero;1;;;1;;
“perch;1;;;1;;
figliastro;1;;;1;;
pianeta;1;;;1;;
tormentati;1;;;1;;
smorte;1;;;1;;
gira;1;;;1;;
neun;1;;;1;;
parlerò;1;;;1;;
toglieva;1;;;1;;
giro;1;;;1;;
restai;1;;;1;;
incontr;1;;;1;;
taïde;1;;;1;;
venuta;1;;;1;;
trestizia;1;;;1;;
orazion;1;;;1;;
tocchin;1;;;1;;
minotauro;1;;;1;;
not;1;;;1;;
euclide;1;;;1;;
aggirata;1;;;1;;
isifile;1;;;1;;
foce;1;;;1;;
levante;1;;;1;;
scritto;1;;;1;;
rocca;1;;;1;;
suggella;1;;;1;;
rivolsesi;1;;;1;;
indurlo;1;;;1;;
rimbomba;1;;;1;;
compenso»;1;;;1;;
riso;1;;;1;;
dispiaccia;1;;;1;;
«così;1;;;1;;
calando;1;;;1;;
grazïoso;1;;;1;;
lontan;1;;;1;;
stucca»;1;;;1;;
rimbombo;1;;;1;;
ammorza;1;;;1;;
pullular;1;;;1;;
gita;1;;;1;;
fidanza;1;;;1;;
girando;1;;;1;;
disfatta;1;;;1;;
strale;1;;;1;;
give;1;;;1;;
volli;1;;;1;;
«dimmi;1;;;1;;
ravvolta;1;;;1;;
riguardommi;1;;;1;;
distorse;1;;;1;;
amara;1;;;1;;
tremesse;1;;;1;;
fessure;1;;;1;;
lezzo;1;;;1;;
disposizion;1;;;1;;
«colui;1;;;1;;
fessura;1;;;1;;
amaro;1;;;1;;
comandare;1;;;1;;
strame;1;;;1;;
noè;1;;;1;;
cerchie;1;;;1;;
unghiate;1;;;1;;
veloce;1;;;1;;
lordura;1;;;1;;
passai;1;;;1;;
faccio;1;;;1;;
confuse;1;;;1;;
eretto;1;;;1;;
colli;1;;;1;;
cerchia;1;;;1;;
colle;1;;;1;;
nodosi;1;;;1;;
vece;1;;;1;;
fosco;1;;;1;;
approccia;1;;;1;;
vagliami;1;;;1;;
aperta;1;;;1;;
freghi;1;;;1;;
saette;1;;;1;;
aperti;1;;;1;;
saetti;1;;;1;;
traendo;1;;;1;;
aperto;1;;;1;;
amato;1;;;1;;
volesse;1;;;1;;
trabocca;1;;;1;;
troppa;1;;;1;;
ricolto;1;;;1;;
metti;1;;;1;;
giostre;1;;;1;;
cintola;1;;;1;;
dici;1;;;1;;
stetti;1;;;1;;
feo;1;;;1;;
apersi;1;;;1;;
fer;1;;;1;;
slaccia;1;;;1;;
ignude;1;;;1;;
“non;1;;;1;;
logoro;1;;;1;;
cruna;1;;;1;;
temuta;1;;;1;;
‘anastasio;1;;;1;;
animose;1;;;1;;
giostra;1;;;1;;
ebbe”;1;;;1;;
padoan;1;;;1;;
maccabei;1;;;1;;
vacca;1;;;1;;
dier;1;;;1;;
discendiam;1;;;1;;
cortesia;1;;;1;;
«vegna;1;;;1;;
«già;1;;;1;;
dido;1;;;1;;
felli;1;;;1;;
richiama;1;;;1;;
fella;1;;;1;;
forcata;1;;;1;;
incontanente;1;;;1;;
rane;1;;;1;;
udiremo;1;;;1;;
sodisfeci;1;;;1;;
richiamo;1;;;1;;
tacque;1;;;1;;
fello;1;;;1;;
terrà;1;;;1;;
ab;1;;;1;;
cupido;1;;;1;;
ramo;1;;;1;;
sospecciar;1;;;1;;
avante»;1;;;1;;
vederlo;1;;;1;;
crudelmente;1;;;1;;
uscì;1;;;1;;
rame;1;;;1;;
salse;1;;;1;;
strinsi;1;;;1;;
folo;1;;;1;;
ello;1;;;1;;
prova;1;;;1;;
volto»;1;;;1;;
mosconi;1;;;1;;
verdura;1;;;1;;
avaccio;1;;;1;;
balìa;1;;;1;;
by;1;;;1;;
seppe;1;;;1;;
autorità;1;;;1;;
schiva;1;;;1;;
ca;1;;;1;;
vele;1;;;1;;
somme;1;;;1;;
silenzio;1;;;1;;
rabbuffa;1;;;1;;
magni;1;;;1;;
sommi;1;;;1;;
sembiar;1;;;1;;
dïonisio;1;;;1;;
cacciar;1;;;1;;
goccia;1;;;1;;
avventa;1;;;1;;
provo;1;;;1;;
spezzate;1;;;1;;
combattuto;1;;;1;;
commessi;1;;;1;;
language;1;;;1;;
ingombra;1;;;1;;
tacette;1;;;1;;
stormire;1;;;1;;
fecero;1;;;1;;
rari;1;;;1;;
cignesi;1;;;1;;
usura;1;;;1;;
appulcro;1;;;1;;
cristianesmo;1;;;1;;
carro;1;;;1;;
schiante;1;;;1;;
giusti;1;;;1;;
sentiero;1;;;1;;
schianta;1;;;1;;
rosta;1;;;1;;
fecesi;1;;;1;;
focina;1;;;1;;
perdé;1;;;1;;
«lano;1;;;1;;
soppressa;1;;;1;;
raccogli;1;;;1;;
renduta;1;;;1;;
ditel;1;;;1;;
incarcerato;1;;;1;;
for;1;;;1;;
rosso;1;;;1;;
gioverà;1;;;1;;
fiesolane;1;;;1;;
magrezza;1;;;1;;
félli;1;;;1;;
bruggia;1;;;1;;
incinse;1;;;1;;
rosse;1;;;1;;
potrai;1;;;1;;
tiene;1;;;1;;
rossi;1;;;1;;
noccia»;1;;;1;;
tafani;1;;;1;;
«per;1;;;1;;
mostrando;1;;;1;;
arrostarsi;1;;;1;;
venta;1;;;1;;
carte;1;;;1;;
torcendo;1;;;1;;
saettando;1;;;1;;
oltra;1;;;1;;
sganni;1;;;1;;
contraro;1;;;1;;
contrari;1;;;1;;
nfin;1;;;1;;
fori;1;;;1;;
conservi;1;;;1;;
focile;1;;;1;;
rase;1;;;1;;
cinghia;1;;;1;;
sensibilmente;1;;;1;;
empedoclès;1;;;1;;
venti;1;;;1;;
cinghio;1;;;1;;
limbo;1;;;1;;
stuolo»;1;;;1;;
portar;1;;;1;;
«buon;1;;;1;;
dogliose;1;;;1;;
consorti»;1;;;1;;
lurchi;1;;;1;;
oca;1;;;1;;
fra;1;;;1;;
sicheo;1;;;1;;
portai;1;;;1;;
cose»;1;;;1;;
impedir;1;;;1;;
«torna;1;;;1;;
vedervi;1;;;1;;
if;1;;;1;;
portan;1;;;1;;
pareva;1;;;1;;
ancise;1;;;1;;
aduggia;1;;;1;;
briga;1;;;1;;
is;1;;;1;;
traeva;1;;;1;;
genesì;1;;;1;;
potien;1;;;1;;
uditi;1;;;1;;
divalli;1;;;1;;
arsiccia;1;;;1;;
serpente;1;;;1;;
odi;1;;;1;;
udita;1;;;1;;
avvinghia;1;;;1;;
piega;1;;;1;;
panni;1;;;1;;
montai;1;;;1;;
fortezza;1;;;1;;
direte;1;;;1;;
fortezze;1;;;1;;
sanguigno;1;;;1;;
picchia;1;;;1;;
feceli;1;;;1;;
sguardo;1;;;1;;
cecina;1;;;1;;
orbi;1;;;1;;
ritornarci;1;;;1;;
burro;1;;;1;;
tutti»;1;;;1;;
fecemi;1;;;1;;
rimossa»;1;;;1;;
fue;1;;;1;;
udirà;1;;;1;;
becco;1;;;1;;
cantava;1;;;1;;
soccorri;1;;;1;;
raggiunsi;1;;;1;;
degna;1;;;1;;
lu;1;;;1;;
salva;1;;;1;;
spegne»;1;;;1;;
condanna;1;;;1;;
consolata;1;;;1;;
loderò;1;;;1;;
soperchiava;1;;;1;;
www;1;;;1;;
terza;1;;;1;;
rietro;1;;;1;;
entre;1;;;1;;
terze;1;;;1;;
soccorse;1;;;1;;
entri;1;;;1;;
stringe;1;;;1;;
mo;1;;;1;;
author;1;;;1;;
autunno;1;;;1;;
stringa;1;;;1;;
passarsi;1;;;1;;
burli;1;;;1;;
narro;1;;;1;;
guizzavan;1;;;1;;
soccorso;1;;;1;;
piegò;1;;;1;;
license;1;;;1;;
asconde;1;;;1;;
secolo;1;;;1;;
battesmo;1;;;1;;
savere;1;;;1;;
fóran;1;;;1;;
polveroso;1;;;1;;
landa;1;;;1;;
porta»;1;;;1;;
vassi;1;;;1;;
appresa;1;;;1;;
«più;1;;;1;;
apprese;1;;;1;;
girar;1;;;1;;
guizzava;1;;;1;;
cantare;1;;;1;;
fatiche;1;;;1;;
nobil;1;;;1;;
sostegno;1;;;1;;
cornuti;1;;;1;;
degni;1;;;1;;
udire;1;;;1;;
carlo;1;;;1;;
dispettoso;1;;;1;;
aonti;1;;;1;;
po;1;;;1;;
bonifazio;1;;;1;;
triegue;1;;;1;;
tignemmo;1;;;1;;
dipinti;1;;;1;;
sucide;1;;;1;;
ridico;1;;;1;;
sentimmo;1;;;1;;
permutazion;1;;;1;;
gittato;1;;;1;;
qualche;1;;;1;;
pugno;1;;;1;;
azzurro;1;;;1;;
serrame;1;;;1;;
negando;1;;;1;;
dipinta;1;;;1;;
case»;1;;;1;;
disposto»;1;;;1;;
carche;1;;;1;;
tulïo;1;;;1;;
tutto»;1;;;1;;
azzurra;1;;;1;;
nodi;1;;;1;;
veggia;1;;;1;;
nodo;1;;;1;;
inteso;1;;;1;;
atene;1;;;1;;
duole;1;;;1;;
belli;1;;;1;;
gregge;1;;;1;;
pianga;1;;;1;;
predon;1;;;1;;
segni;1;;;1;;
intese;1;;;1;;
piango;1;;;1;;
disiderio;1;;;1;;
salde;1;;;1;;
chiuder;1;;;1;;
ramicel;1;;;1;;
lontana;1;;;1;;
piacciati;1;;;1;;
vostr;1;;;1;;
«di;1;;;1;;
bestemmian;1;;;1;;
lontano;1;;;1;;
comedìa;1;;;1;;
salire;1;;;1;;
to;1;;;1;;
nfamia;1;;;1;;
gaetta;1;;;1;;
domandava;1;;;1;;
regina;1;;;1;;
country;1;;;1;;
spietate;1;;;1;;
spietati;1;;;1;;
«ei;1;;;1;;
batista;1;;;1;;
lici;1;;;1;;
orlo;1;;;1;;
monton;1;;;1;;
süa;1;;;1;;
xxiii;1;;;1;;
uo;1;;;1;;
«prima;1;;;1;;
avvenia;1;;;1;;
«fa;1;;;1;;
cenni;1;;;1;;
noia;1;;;1;;
tardar;1;;;1;;
tange;1;;;1;;
grandine;1;;;1;;
solve;1;;;1;;
«fu;1;;;1;;
mascelle;1;;;1;;
“tristi;1;;;1;;
fossato;1;;;1;;
spallacce;1;;;1;;
alleluia;1;;;1;;
penso»;1;;;1;;
solvi;1;;;1;;
pure;1;;;1;;
«quanto;1;;;1;;
«pur;1;;;1;;
percotendo;1;;;1;;
polsi»;1;;;1;;
privadi;1;;;1;;
riconobb;1;;;1;;
adona;1;;;1;;
annida;1;;;1;;
recalcitrate;1;;;1;;
drappo;1;;;1;;
org;1;;;1;;
nvidïosi;1;;;1;;
sogliare;1;;;1;;
drappi;1;;;1;;
«usciteci»;1;;;1;;
brame;1;;;1;;
battendosi;1;;;1;;
diviso;1;;;1;;
brama;1;;;1;;
forbi;1;;;1;;
pute;1;;;1;;
disïato;1;;;1;;
serrati;1;;;1;;
april;1;;;1;;
selvagge;1;;;1;;
terms;1;;;1;;
paurose;1;;;1;;
visser;1;;;1;;
«dunque;1;;;1;;
iscoia;1;;;1;;
lasciolla;1;;;1;;
«taci;1;;;1;;
segue;1;;;1;;
brago;1;;;1;;
acheronte»;1;;;1;;
fusto;1;;;1;;
nomi;1;;;1;;
parìs;1;;;1;;
sostegnon;1;;;1;;
puro;1;;;1;;
forca;1;;;1;;
«quando;1;;;1;;
splendor;1;;;1;;
rechiti;1;;;1;;
orsa;1;;;1;;
messa;1;;;1;;
triema;1;;;1;;
orizzonta;1;;;1;;
corrien;1;;;1;;
ammenda;1;;;1;;
sdegnosa;1;;;1;;
ripassossi;1;;;1;;
potrei;1;;;1;;
casca;1;;;1;;
copy;1;;;1;;
dare;1;;;1;;
sdegnoso;1;;;1;;
torneranno;1;;;1;;
spense»;1;;;1;;
guastatori;1;;;1;;
accesi»;1;;;1;;
dicon;1;;;1;;
parëa;1;;;1;;
congiunto;1;;;1;;
dovrebb;1;;;1;;
sporgo;1;;;1;;
nondimen;1;;;1;;
«ma;1;;;1;;
date;1;;;1;;
storse;1;;;1;;
«mi;1;;;1;;
ciacco;1;;;1;;
soccorrien;1;;;1;;
frate;1;;;1;;
create;1;;;1;;
fretta»;1;;;1;;
combusto;1;;;1;;
distribuendo;1;;;1;;
artigli;1;;;1;;
spelta;1;;;1;;
inanzi;1;;;1;;
core;1;;;1;;
lascio;1;;;1;;
roccia»;1;;;1;;
cossi;1;;;1;;
gia;1;;;1;;
cosse;1;;;1;;
notturno;1;;;1;;
prora;1;;;1;;
noti;1;;;1;;
dolorosi;1;;;1;;
ponente;1;;;1;;
scale;1;;;1;;
lino;1;;;1;;
arrivato;1;;;1;;
lucrezia;1;;;1;;
nota;1;;;1;;
cost;1;;;1;;
will;1;;;1;;
avëa;1;;;1;;
nominommi;1;;;1;;
intende;1;;;1;;
limo;1;;;1;;
scrofa;1;;;1;;
ntende;1;;;1;;
dolorose;1;;;1;;
alcuni;1;;;1;;
governo;1;;;1;;
sentenzia;1;;;1;;
sesta;1;;;1;;
carnaro;1;;;1;;
mantoani;1;;;1;;
autore;1;;;1;;
adunar;1;;;1;;
segreta;1;;;1;;
spanne;1;;;1;;
quartana;1;;;1;;
iulio;1;;;1;;
sormonti;1;;;1;;
segrete;1;;;1;;
whatsoever;1;;;1;;
«né;1;;;1;;
riddi;1;;;1;;
burchi;1;;;1;;
iulia;1;;;1;;
nnanzi;1;;;1;;
accatta;1;;;1;;
favelle»;1;;;1;;
face»;1;;;1;;
sera;1;;;1;;
«trova;1;;;1;;
rotelle;1;;;1;;
mantoana;1;;;1;;
molesta;1;;;1;;
tolomeo;1;;;1;;
prieghi»;1;;;1;;
innalzai;1;;;1;;
sollevando;1;;;1;;
chinò;1;;;1;;
gozzo»;1;;;1;;
«su;1;;;1;;
àncora;1;;;1;;
desse;1;;;1;;
colpa»;1;;;1;;
tempesta;1;;;1;;
sembianz;1;;;1;;
orazio;1;;;1;;
misere;1;;;1;;
adduce;1;;;1;;
tardo;1;;;1;;
compito»;1;;;1;;
strupo»;1;;;1;;
sottosopra;1;;;1;;
facesse;1;;;1;;
maestro»;1;;;1;;
scossi;1;;;1;;
ricuopra;1;;;1;;
tarda;1;;;1;;
veggiam;1;;;1;;
scostarsi;1;;;1;;
rècati;1;;;1;;
malebolge;1;;;1;;
basciò;1;;;1;;
nviluppata;1;;;1;;
ridir;1;;;1;;
scoppiava;1;;;1;;
lito;1;;;1;;
empi;1;;;1;;
stretti»;1;;;1;;
chiusero;1;;;1;;
torta;1;;;1;;
ferrigno;1;;;1;;
andrea;1;;;1;;
«va;1;;;1;;
manifestar;1;;;1;;
cuore;1;;;1;;
pal;1;;;1;;
pozza;1;;;1;;
cuori;1;;;1;;
facce;1;;;1;;
dubbiare;1;;;1;;
scendeva;1;;;1;;
facci;1;;;1;;
«male;1;;;1;;
piangëa;1;;;1;;
«mala;1;;;1;;
loquela;1;;;1;;
minore;1;;;1;;
voglio;1;;;1;;
minori;1;;;1;;
satisfatto;1;;;1;;
elezïone;1;;;1;;
chino;1;;;1;;
conca;1;;;1;;
serbolo;1;;;1;;
bivero;1;;;1;;
aquila;1;;;1;;
mezzo»;1;;;1;;
torrà;1;;;1;;
giunga;1;;;1;;
puoser;1;;;1;;
formata;1;;;1;;
ciglio;1;;;1;;
accolta;1;;;1;;
adiri;1;;;1;;
accolte;1;;;1;;
scendi;1;;;1;;
scende;1;;;1;;
gru;1;;;1;;
scendete;1;;;1;;
bronchi;1;;;1;;
bassa;1;;;1;;
china;1;;;1;;
bassi;1;;;1;;
onranza;1;;;1;;
verona;1;;;1;;
amendue;1;;;1;;
«corri;1;;;1;;
vincer;1;;;1;;
offense;1;;;1;;
sermone;1;;;1;;
scornati;1;;;1;;
marito;1;;;1;;
stoscio;1;;;1;;
sortito;1;;;1;;
dipigne;1;;;1;;
sermone»;1;;;1;;
procede;1;;;1;;
“vegna;1;;;1;;
scendere;1;;;1;;
aleppe;1;;;1;;
cauti;1;;;1;;
infanti;1;;;1;;
lago;1;;;1;;
larghe;1;;;1;;
costor;1;;;1;;
truono;1;;;1;;
traccia»;1;;;1;;
parleremo;1;;;1;;
ingozza;1;;;1;;
apparisce;1;;;1;;
sembiava;1;;;1;;
arli;1;;;1;;
mestieri;1;;;1;;
cresciuta;1;;;1;;
carnali;1;;;1;;
tosco;1;;;1;;
scorgere;1;;;1;;
tremoto;1;;;1;;
rivesta;1;;;1;;
diritto;1;;;1;;
guizzan;1;;;1;;
mentì;1;;;1;;
dilatate;1;;;1;;
xxi;1;;;1;;
vogl;1;;;1;;
rammarca;1;;;1;;
seguitando;1;;;1;;
«ciacco;1;;;1;;
ciberà;1;;;1;;
diritta;1;;;1;;
vedemmo;1;;;1;;
xxv;1;;;1;;
xxx;1;;;1;;
risonavan;1;;;1;;
«brievemente;1;;;1;;
guardando;1;;;1;;
anchise;1;;;1;;
diritti;1;;;1;;
discernea;1;;;1;;
acquacheta;1;;;1;;
conduca;1;;;1;;
almost;1;;;1;;
conduce;1;;;1;;
gridandosi;1;;;1;;
pia;1;;;1;;
veggion;1;;;1;;
vincia;1;;;1;;
pio;1;;;1;;
porre;1;;;1;;
giacea;1;;;1;;
abbraccia;1;;;1;;
accora;1;;;1;;
fiammeggiar;1;;;1;;
attuffare;1;;;1;;
allotta;1;;;1;;
armi;1;;;1;;
guerci;1;;;1;;
facultade;1;;;1;;
disio»;1;;;1;;
sovvenir;1;;;1;;
salimmo;1;;;1;;
dinne;1;;;1;;
racqueta;1;;;1;;
bizzarro;1;;;1;;
piacesse;1;;;1;;
marra»;1;;;1;;
indarno;1;;;1;;
intender;1;;;1;;
vole;1;;;1;;
brollo;1;;;1;;
muse;1;;;1;;
conforti;1;;;1;;
padoano;1;;;1;;
vola;1;;;1;;
brusciato;1;;;1;;
affettüoso;1;;;1;;
scapigliata;1;;;1;;
fronda;1;;;1;;
raccoscio;1;;;1;;
conven;1;;;1;;
morisse;1;;;1;;
gualdrada;1;;;1;;
attuffata;1;;;1;;
italian;1;;;1;;
muri;1;;;1;;
immolle;1;;;1;;
provede;1;;;1;;
biscazza;1;;;1;;
sproni;1;;;1;;
pelo;1;;;1;;
arra;1;;;1;;
confortarmi;1;;;1;;
sprona;1;;;1;;
abbaia;1;;;1;;
zanca;1;;;1;;
mpedisce;1;;;1;;
fabbro;1;;;1;;
succedette;1;;;1;;
ponesse;1;;;1;;
odono;1;;;1;;
marina;1;;;1;;
ordinò;1;;;1;;
muso;1;;;1;;
amante;1;;;1;;
ritroviam;1;;;1;;
giovinetta;1;;;1;;
arto;1;;;1;;
graffiati;1;;;1;;
poc;1;;;1;;
costa»;1;;;1;;
correva;1;;;1;;
potuto;1;;;1;;
fermammo;1;;;1;;
pon;1;;;1;;
intoppa»;1;;;1;;
duro»;1;;;1;;
pene;1;;;1;;
faceva;1;;;1;;
orecchia;1;;;1;;
arso;1;;;1;;
espresse;1;;;1;;
arsi;1;;;1;;
piaccia;1;;;1;;
costei;1;;;1;;
luminoso;1;;;1;;
«qua;1;;;1;;
dammiata;1;;;1;;
offeso;1;;;1;;
diserra;1;;;1;;
«fieramente;1;;;1;;
nacque;1;;;1;;
onorati;1;;;1;;
nacqui;1;;;1;;
dispersi»;1;;;1;;
“anzi;1;;;1;;
late;1;;;1;;
lati;1;;;1;;
falde;1;;;1;;
intelletto»;1;;;1;;
ardite;1;;;1;;
orecchie;1;;;1;;
lece»;1;;;1;;
azzolino;1;;;1;;
arbia;1;;;1;;
sferzati;1;;;1;;
basciommi;1;;;1;;
bocche;1;;;1;;
battezzatori;1;;;1;;
caorsa;1;;;1;;
posato;1;;;1;;
trattar;1;;;1;;
updated;1;;;1;;
etica;1;;;1;;
sogli;1;;;1;;
diroccia;1;;;1;;
sciolse;1;;;1;;
conte;1;;;1;;
diserto;1;;;1;;
allegra;1;;;1;;
andiam;1;;;1;;
ghiotto;1;;;1;;
notabile;1;;;1;;
partimmo;1;;;1;;
viddi;1;;;1;;
sassi»;1;;;1;;
riprezzo;1;;;1;;
sovente;1;;;1;;
posare;1;;;1;;
sogna;1;;;1;;
trascende;1;;;1;;
bruto;1;;;1;;
nodrì;1;;;1;;
incontrammo;1;;;1;;
bruna;1;;;1;;
prato;1;;;1;;
nascimenti;1;;;1;;
scïenza;1;;;1;;
laws;1;;;1;;
ritrasser;1;;;1;;
attesi;1;;;1;;
enea;1;;;1;;
vegnon;1;;;1;;
cercar;1;;;1;;
vacante;1;;;1;;
farmisi;1;;;1;;
gradita;1;;;1;;
giubileo;1;;;1;;
bruni;1;;;1;;
adamo;1;;;1;;
sicuri;1;;;1;;
ascelle;1;;;1;;
ratto»;1;;;1;;
tira;1;;;1;;
ira»;1;;;1;;
incida;1;;;1;;
temesti;1;;;1;;
giunta;1;;;1;;
ntrammo;1;;;1;;
altresì;1;;;1;;
gimmo;1;;;1;;
giunti;1;;;1;;
molesta»;1;;;1;;
resurgeranno;1;;;1;;
gialla;1;;;1;;
puossi;1;;;1;;
essalto;1;;;1;;
serpi»;1;;;1;;
mirate;1;;;1;;
germoglia;1;;;1;;
possedea;1;;;1;;
before;1;;;1;;
«caron;1;;;1;;
tuttavia;1;;;1;;
cantando;1;;;1;;
nvita;1;;;1;;
trei;1;;;1;;
cangia;1;;;1;;
folta;1;;;1;;
porco;1;;;1;;
scuro;1;;;1;;
taci;1;;;1;;
porci;1;;;1;;
epicuro;1;;;1;;
campi;1;;;1;;
folti;1;;;1;;
fisse;1;;;1;;
campo;1;;;1;;
tenere;1;;;1;;
raccoglietele;1;;;1;;
torma;1;;;1;;
mosche;1;;;1;;
«filosofia»;1;;;1;;
mirare;1;;;1;;
chiosar;1;;;1;;
benedetta;1;;;1;;
benedette;1;;;1;;
furïe;1;;;1;;
pravi;1;;;1;;
udir;1;;;1;;
incontra;1;;;1;;
avvinse;1;;;1;;
prave;1;;;1;;
general;1;;;1;;
udia;1;;;1;;
tosta»;1;;;1;;
spanda;1;;;1;;
benedetto;1;;;1;;
ontoso;1;;;1;;
spandi;1;;;1;;
disïo;1;;;1;;
reducemi;1;;;1;;
capelli;1;;;1;;
speran;1;;;1;;
parlavan;1;;;1;;
membri;1;;;1;;
membro;1;;;1;;
fronti;1;;;1;;
sperar;1;;;1;;
tenete;1;;;1;;
uscìo;1;;;1;;
navicella;1;;;1;;
stante;1;;;1;;
dispaia;1;;;1;;
avvinte;1;;;1;;
integra»;1;;;1;;
facieno;1;;;1;;
disperate;1;;;1;;
enno;1;;;1;;
abbi;1;;;1;;
piaghe;1;;;1;;
pertratta;1;;;1;;
ricco;1;;;1;;
nduce;1;;;1;;
diversi;1;;;1;;
vermiglie;1;;;1;;
merdose;1;;;1;;
sommettono;1;;;1;;
vermiglio;1;;;1;;
infra;1;;;1;;
stelo;1;;;1;;
papale;1;;;1;;
ventura;1;;;1;;
dimostrato;1;;;1;;
osava;1;;;1;;
percotëansi;1;;;1;;
vallan;1;;;1;;
fico;1;;;1;;
riguarda;1;;;1;;
riguardi;1;;;1;;
pennuto;1;;;1;;
misura;1;;;1;;
disceso;1;;;1;;
lecchi;1;;;1;;
cingon;1;;;1;;
vermiglia;1;;;1;;
ladroneccio;1;;;1;;
gitta;1;;;1;;
fallire;1;;;1;;
rombo;1;;;1;;
turchi;1;;;1;;
«uscicci;1;;;1;;
toccando;1;;;1;;
stagno;1;;;1;;
sermo;1;;;1;;
strofade;1;;;1;;
brenta;1;;;1;;
piova;1;;;1;;
‘per;1;;;1;;
danni;1;;;1;;
danne;1;;;1;;
pendea;1;;;1;;
fidi;1;;;1;;
tratto»;1;;;1;;
schietti;1;;;1;;
fide;1;;;1;;
diede;1;;;1;;
diedi;1;;;1;;
peggior;1;;;1;;
menzogna;1;;;1;;
vergognosa;1;;;1;;
ritegno;1;;;1;;
frodolenti;1;;;1;;
soma;1;;;1;;
santa;1;;;1;;
menando;1;;;1;;
sante;1;;;1;;
difender;1;;;1;;
fiumana;1;;;1;;
avuto;1;;;1;;
vergognosi;1;;;1;;
vedrai»;1;;;1;;
lagna;1;;;1;;
affetto;1;;;1;;
primi;1;;;1;;
marturi;1;;;1;;
piote;1;;;1;;
sole;1;;;1;;
passa»;1;;;1;;
ntronan;1;;;1;;
trovammoci;1;;;1;;
cale»;1;;;1;;
angoscioso;1;;;1;;
strambe;1;;;1;;
triste;1;;;1;;
uman;1;;;1;;
stagna;1;;;1;;
tristi;1;;;1;;
ambedui;1;;;1;;
tratti;1;;;1;;
sieti;1;;;1;;
averebbe;1;;;1;;
idolatre;1;;;1;;
laudabile;1;;;1;;
beni;1;;;1;;
pungenti;1;;;1;;
cólti;1;;;1;;
debitamente;1;;;1;;
biscia;1;;;1;;
lagrimai;1;;;1;;
mosca;1;;;1;;
maligne;1;;;1;;
sol»;1;;;1;;
protesi;1;;;1;;
lago»;1;;;1;;
pestar;1;;;1;;
«ecco;1;;;1;;
bell;1;;;1;;
nebulosa;1;;;1;;
dicerei;1;;;1;;
comandamento;1;;;1;;
tratta;1;;;1;;
«ancor;1;;;1;;
bolliti;1;;;1;;
parecchi;1;;;1;;
saremmo;1;;;1;;
comento;1;;;1;;
gloria;1;;;1;;
arrestai;1;;;1;;
lasciare;1;;;1;;
«acciò;1;;;1;;
dieci;1;;;1;;
marmi;1;;;1;;
accoglie;1;;;1;;
regola;1;;;1;;
arida;1;;;1;;
meni;1;;;1;;
caccianli;1;;;1;;
torca;1;;;1;;
maschi;1;;;1;;
meno;1;;;1;;
calde;1;;;1;;
cimitero;1;;;1;;
disconvien;1;;;1;;
misericordia;1;;;1;;
lavorare;1;;;1;;
creda;1;;;1;;
distingue;1;;;1;;
crede;1;;;1;;
orgogliosa;1;;;1;;
scempio;1;;;1;;
piloso;1;;;1;;
negra;1;;;1;;
borsiere;1;;;1;;
basso»;1;;;1;;
lasciati;1;;;1;;
lasciate;1;;;1;;
rimaser;1;;;1;;
sonò;1;;;1;;
strascineremo;1;;;1;;
caton;1;;;1;;
presemi;1;;;1;;
galeotto;1;;;1;;
servi;1;;;1;;
pilose;1;;;1;;
liberamente;1;;;1;;
molesto»;1;;;1;;
disser;1;;;1;;
lucenti;1;;;1;;
cariddi;1;;;1;;
«figlio;1;;;1;;
lasciar»;1;;;1;;
libito;1;;;1;;
nomar;1;;;1;;
rompe;1;;;1;;
rattrappa;1;;;1;;
romor;1;;;1;;
spesse;1;;;1;;
disvuol;1;;;1;;
priva;1;;;1;;
perfezion;1;;;1;;
spessa;1;;;1;;
erine;1;;;1;;
calar;1;;;1;;
“da;1;;;1;;
ville;1;;;1;;
cominciommi;1;;;1;;
piagge;1;;;1;;
menò;1;;;1;;
flagello;1;;;1;;
vanità;1;;;1;;
spessi;1;;;1;;
online;1;;;1;;
aprirmi;1;;;1;;
villa;1;;;1;;
appressavan;1;;;1;;
féne;1;;;1;;
adice;1;;;1;;
chiuser;1;;;1;;
ritene;1;;;1;;
serba;1;;;1;;
«voglio;1;;;1;;
sembri;1;;;1;;
avanza»;1;;;1;;
sentier;1;;;1;;
speglio;1;;;1;;
sovvenne;1;;;1;;
sconfortai;1;;;1;;
corregge;1;;;1;;
volgare;1;;;1;;
giuda;1;;;1;;
«tanto;1;;;1;;
“ho;1;;;1;;
appressano;1;;;1;;
deggio;1;;;1;;
tocche;1;;;1;;
avevan;1;;;1;;
valor;1;;;1;;
fiso;1;;;1;;
face;1;;;1;;
mozzi;1;;;1;;
simon;1;;;1;;
tenendo;1;;;1;;
democrito;1;;;1;;
mozzo;1;;;1;;
adocchiato;1;;;1;;
dismonta;1;;;1;;
intrata»;1;;;1;;
sorpresi;1;;;1;;
soldan;1;;;1;;
«forse;1;;;1;;
chiamate;1;;;1;;
soglion;1;;;1;;
andata;1;;;1;;
ida;1;;;1;;
‘sipa;1;;;1;;
lamento;1;;;1;;
biasimo;1;;;1;;
acerbo»;1;;;1;;
verghetta;1;;;1;;
vincerò;1;;;1;;
sforzami;1;;;1;;
rimossi;1;;;1;;
punga»;1;;;1;;
dianzi;1;;;1;;
carità;1;;;1;;
regge»;1;;;1;;
sovraposte;1;;;1;;
affattura;1;;;1;;
notte;1;;;1;;
attinghe;1;;;1;;
colorata;1;;;1;;
rimirar;1;;;1;;
appressammo;1;;;1;;
ier;1;;;1;;
fotin;1;;;1;;
fraschetta;1;;;1;;
mesti»;1;;;1;;
«solvetemi;1;;;1;;
valli;1;;;1;;
bestial;1;;;1;;
veduta;1;;;1;;
ricordarsi;1;;;1;;
appiattò;1;;;1;;
«dilli;1;;;1;;
fermerem;1;;;1;;
credi”»;1;;;1;;
ciba;1;;;1;;
sanne;1;;;1;;
fazion;1;;;1;;
doppiar;1;;;1;;
sezzo;1;;;1;;
puttaneggiar;1;;;1;;
offensione;1;;;1;;
ratte;1;;;1;;
ratta;1;;;1;;
troiani;1;;;1;;
regna;1;;;1;;
battien;1;;;1;;
anyone;1;;;1;;
dileguan;1;;;1;;
discarcate;1;;;1;;
consegue;1;;;1;;
cadea;1;;;1;;
venedico;1;;;1;;
urlar;1;;;1;;
vapori;1;;;1;;
moneta;1;;;1;;
riveder;1;;;1;;
adocchio;1;;;1;;
piagni»;1;;;1;;
dispregia;1;;;1;;
morsi;1;;;1;;
dannose;1;;;1;;
cader;1;;;1;;
bene»;1;;;1;;
sepolcri;1;;;1;;
morse;1;;;1;;
tigna;1;;;1;;
dannosa;1;;;1;;
creti;1;;;1;;
morsa;1;;;1;;
creta;1;;;1;;
impero;1;;;1;;
vapore;1;;;1;;
“viemmi;1;;;1;;
spiacer;1;;;1;;
discordia;1;;;1;;
pola;1;;;1;;
vicin;1;;;1;;
stessa;1;;;1;;
fiorentin;1;;;1;;
anguilla;1;;;1;;
fuochi;1;;;1;;
valse;1;;;1;;
volgonsi;1;;;1;;
guardavam;1;;;1;;
seneca;1;;;1;;
percotean;1;;;1;;
corrono;1;;;1;;
pigliando;1;;;1;;
stesse;1;;;1;;
dïascoride;1;;;1;;
nidi;1;;;1;;
disvelta;1;;;1;;
rupp;1;;;1;;
rigavan;1;;;1;;
trita;1;;;1;;
asciutti;1;;;1;;
trapassammo;1;;;1;;
vommi;1;;;1;;
asciutte;1;;;1;;
ingrato;1;;;1;;
imo;1;;;1;;
appressa;1;;;1;;
sentire;1;;;1;;
sentisse;1;;;1;;
lungamente;1;;;1;;
biechi;1;;;1;;
affoca;1;;;1;;
ettòr;1;;;1;;
galïeno;1;;;1;;
imposto;1;;;1;;
veggiate;1;;;1;;
veltro;1;;;1;;
giudizio;1;;;1;;
«guarda»;1;;;1;;
imposte;1;;;1;;
trade;1;;;1;;
rivolvi»;1;;;1;;
veltri;1;;;1;;
dispregi;1;;;1;;
ghisolabella;1;;;1;;
percuote;1;;;1;;
usuriere;1;;;1;;
vada»;1;;;1;;
disgiunte;1;;;1;;
gridi;1;;;1;;
tenciona;1;;;1;;
grido;1;;;1;;
incendi;1;;;1;;
trento;1;;;1;;
rimango;1;;;1;;
sospigne»;1;;;1;;
sorte;1;;;1;;
pronti;1;;;1;;
brutto;1;;;1;;
conta»;1;;;1;;
brutte;1;;;1;;
pochi;1;;;1;;
tolle;1;;;1;;
brutti;1;;;1;;
bagnava;1;;;1;;
continüamente;1;;;1;;
raccolse;1;;;1;;
prima»;1;;;1;;
francesco;1;;;1;;
raccolta;1;;;1;;
fate;1;;;1;;
imperador;1;;;1;;
fata;1;;;1;;
ricidemmo;1;;;1;;
grazia;1;;;1;;
«ben;1;;;1;;
usare;1;;;1;;
tacer;1;;;1;;
fatt;1;;;1;;
grembo;1;;;1;;
ragiono»;1;;;1;;
scrivo;1;;;1;;
condotta;1;;;1;;
baratti;1;;;1;;
settimo;1;;;1;;
piacque;1;;;1;;
perfetta;1;;;1;;
martelli»;1;;;1;;
lagrimosa;1;;;1;;
serpentelli;1;;;1;;
pelago;1;;;1;;
aggirammo;1;;;1;;
tencione;1;;;1;;
settima;1;;;1;;
gioia;1;;;1;;
matera;1;;;1;;
fatale;1;;;1;;
guaio;1;;;1;;
sconsolata;1;;;1;;
pote;1;;;1;;
averoìs;1;;;1;;
doglienza;1;;;1;;
raggi;1;;;1;;
nino;1;;;1;;
rea;1;;;1;;
giaccio;1;;;1;;
peccatori;1;;;1;;
emisperio;1;;;1;;
rei;1;;;1;;
conte»;1;;;1;;
lasci;1;;;1;;
reo;1;;;1;;
cinte;1;;;1;;
debiti;1;;;1;;
iti;1;;;1;;
ammorta»;1;;;1;;
perfido;1;;;1;;
buoni;1;;;1;;
riguardava;1;;;1;;
finito;1;;;1;;
raccomando;1;;;1;;
lenno;1;;;1;;
grazie;1;;;1;;
drizza;1;;;1;;
pulcro;1;;;1;;
cinse;1;;;1;;
incontra»;1;;;1;;
ruine;1;;;1;;
aspettava;1;;;1;;
persegue;1;;;1;;
rimontò;1;;;1;;
caggiono;1;;;1;;
gastiga;1;;;1;;
morale;1;;;1;;
becchi;1;;;1;;
segretamente;1;;;1;;
aggiri;1;;;1;;
una»;1;;;1;;
contrista;1;;;1;;
benigna;1;;;1;;
allegra»;1;;;1;;
dilaceraro;1;;;1;;
avolterate;1;;;1;;
intrambe;1;;;1;;
abbaiando;1;;;1;;
guardata;1;;;1;;
cheggio»;1;;;1;;
priscian;1;;;1;;
futura;1;;;1;;
alber;1;;;1;;
armava;1;;;1;;
arrigo;1;;;1;;
guada;1;;;1;;
continüando;1;;;1;;
etterni;1;;;1;;
lettura;1;;;1;;
taci»;1;;;1;;
tolto;1;;;1;;
distretto;1;;;1;;
abbrusciato;1;;;1;;
gioco;1;;;1;;
spiacente»;1;;;1;;
lagrimabil;1;;;1;;
guisa;1;;;1;;
corruttibile;1;;;1;;
froda;1;;;1;;
puniti;1;;;1;;
ritorna;1;;;1;;
ntrona;1;;;1;;
armato;1;;;1;;
annunzio;1;;;1;;
other;1;;;1;;
veggendoci;1;;;1;;
guardare;1;;;1;;
armati;1;;;1;;
levati;1;;;1;;
«son;1;;;1;;
parlami;1;;;1;;
levato;1;;;1;;
bugiardi;1;;;1;;
attosca»;1;;;1;;
passò;1;;;1;;
gironi;1;;;1;;
cred;1;;;1;;
incontran;1;;;1;;
potrebbe;1;;;1;;
rinfreschi;1;;;1;;
niso;1;;;1;;
vapor;1;;;1;;
salvati»;1;;;1;;
conosco;1;;;1;;
lenti;1;;;1;;
conobbe;1;;;1;;
conosca;1;;;1;;
lento;1;;;1;;
retro”;1;;;1;;
dispitto;1;;;1;;
dipartiti;1;;;1;;
«vano;1;;;1;;
resta;1;;;1;;
xxviii;1;;;1;;
andammo;1;;;1;;
fugga;1;;;1;;
pregheremmo;1;;;1;;
smalto»;1;;;1;;
atra;1;;;1;;
balzo;1;;;1;;
indegno;1;;;1;;
andovvi;1;;;1;;
superba;1;;;1;;
cattivi;1;;;1;;
fracasso;1;;;1;;
oblia;1;;;1;;
cerchietti;1;;;1;;
semenza;1;;;1;;
seppellite;1;;;1;;
usaro;1;;;1;;
durata;1;;;1;;
stuolo;1;;;1;;
mondani;1;;;1;;
dipelato;1;;;1;;
ponavam;1;;;1;;
villan;1;;;1;;
ammaestrato;1;;;1;;
dipartiro;1;;;1;;
difesi;1;;;1;;
ntrono;1;;;1;;
difese;1;;;1;;
venien;1;;;1;;
ordigno;1;;;1;;
lume»;1;;;1;;
potti;1;;;1;;
fonde;1;;;1;;
conosceste;1;;;1;;
stizzosamente;1;;;1;;
indegna;1;;;1;;
trassi;1;;;1;;
cotanta;1;;;1;;
prava»;1;;;1;;
cattivo;1;;;1;;
muoversi;1;;;1;;
conoscesti;1;;;1;;
cria;1;;;1;;
pruno;1;;;1;;
drizzan;1;;;1;;
accennolle;1;;;1;;
lucevan;1;;;1;;
argomento;1;;;1;;
stagione;1;;;1;;
crin;1;;;1;;
difeso;1;;;1;;
«flegïàs;1;;;1;;
avversari;1;;;1;;
portando;1;;;1;;
anywhere;1;;;1;;
ritrarrà;1;;;1;;
tesëo;1;;;1;;
inferno»;1;;;1;;
diparte;1;;;1;;
vermigli;1;;;1;;
maggio;1;;;1;;
sorde;1;;;1;;
officio;1;;;1;;
apo;1;;;1;;
using;1;;;1;;
stremo;1;;;1;;
travaglie;1;;;1;;
“elli;1;;;1;;
avello;1;;;1;;
avelli;1;;;1;;
frasche;1;;;1;;
vespe;1;;;1;;
drizzato;1;;;1;;
minacce;1;;;1;;
gradi;1;;;1;;
aguta;1;;;1;;
galeoto;1;;;1;;
pensiero;1;;;1;;
amò;1;;;1;;
gibetto;1;;;1;;
drizzava;1;;;1;;
brievemente”;1;;;1;;
vulcano;1;;;1;;
rispondo»;1;;;1;;
confortai;1;;;1;;
scelse;1;;;1;;
chiede;1;;;1;;
where;1;;;1;;
aggrappa;1;;;1;;
niega;1;;;1;;
mortale;1;;;1;;
chiedi;1;;;1;;
ragionar;1;;;1;;
soddoma;1;;;1;;
cicilia;1;;;1;;
promette;1;;;1;;
male»;1;;;1;;
rege;1;;;1;;
gridavano;1;;;1;;
tenebroso;1;;;1;;
mattina;1;;;1;;
mattino;1;;;1;;
cali;1;;;1;;
serena;1;;;1;;
apprende;1;;;1;;
scelta;1;;;1;;
ritorte;1;;;1;;
mirabilmente;1;;;1;;
disdegno»;1;;;1;;
aiutami;1;;;1;;
addolcia;1;;;1;;
pinghe»;1;;;1;;
dicean;1;;;1;;
paterna;1;;;1;;
appuzza;1;;;1;;
puttana;1;;;1;;
molt;1;;;1;;
riposato;1;;;1;;
modo»;1;;;1;;
intesa»;1;;;1;;
gravezza;1;;;1;;
israèl;1;;;1;;
percosso;1;;;1;;
gerïon;1;;;1;;
geomètra;1;;;1;;
suso»;1;;;1;;
procedendo;1;;;1;;
cane;1;;;1;;
cocenti;1;;;1;;
gema;1;;;1;;
pelato;1;;;1;;
geme;1;;;1;;
sogliono;1;;;1;;
ventesimo;1;;;1;;
torrien;1;;;1;;
muffa;1;;;1;;
alma;1;;;1;;
riguardo»;1;;;1;;
sorbi;1;;;1;;
ospizio»;1;;;1;;
pasca;1;;;1;;
gonfiate;1;;;1;;
faròl;1;;;1;;
aguzza;1;;;1;;
acque;1;;;1;;
accendea;1;;;1;;
cagne;1;;;1;;
giove;1;;;1;;
arrivo;1;;;1;;
giova;1;;;1;;
mali»;1;;;1;;
ingiusto;1;;;1;;
nimico;1;;;1;;
unta;1;;;1;;
icaro;1;;;1;;
ferci;1;;;1;;
balenò;1;;;1;;
unti;1;;;1;;
bassando;1;;;1;;
capi;1;;;1;;
unte;1;;;1;;
inteser;1;;;1;;
reno;1;;;1;;
tolsero;1;;;1;;
vengiammo;1;;;1;;
guati;1;;;1;;
vorrai;1;;;1;;
superno;1;;;1;;
incomincian;1;;;1;;
caso;1;;;1;;
reni;1;;;1;;
combatte;1;;;1;;
case;1;;;1;;
penta;1;;;1;;
remo;1;;;1;;
piglia;1;;;1;;
cara;1;;;1;;
dovria;1;;;1;;
drizzò;1;;;1;;
cesto;1;;;1;;
partiro;1;;;1;;
contrada»;1;;;1;;
grommate;1;;;1;;
partire;1;;;1;;
caro;1;;;1;;
celarlo;1;;;1;;
lavina;1;;;1;;
feminine;1;;;1;;
broda;1;;;1;;
pantasilea;1;;;1;;
guari;1;;;1;;
restammo;1;;;1;;
immondi;1;;;1;;
chioccia;1;;;1;;
piglio;1;;;1;;
dimando»;1;;;1;;
scola;1;;;1;;
spaldi;1;;;1;;
nato;1;;;1;;
scorpion;1;;;1;;
piana;1;;;1;;
arrivò;1;;;1;;
penso;1;;;1;;
venenosa;1;;;1;;
mostrati;1;;;1;;
andando;1;;;1;;
pense;1;;;1;;
disideroso;1;;;1;;
pensi;1;;;1;;
recetto;1;;;1;;
partita;1;;;1;;
aggrada;1;;;1;;
crucciare;1;;;1;;
orate;1;;;1;;
raccomandato;1;;;1;;
coperto;1;;;1;;
nfuria;1;;;1;;
nostra»;1;;;1;;
svelle;1;;;1;;
tenesti;1;;;1;;
sappia;1;;;1;;
novelle;1;;;1;;
nervi;1;;;1;;
novella;1;;;1;;
ntese;1;;;1;;
sudore;1;;;1;;
arsura;1;;;1;;
adunque;1;;;1;;
crucciata;1;;;1;;
curan;1;;;1;;
altr;1;;;1;;
sozzi;1;;;1;;
cavalier;1;;;1;;
costretti;1;;;1;;
riposi;1;;;1;;
battiensi;1;;;1;;
pirro;1;;;1;;
dannati;1;;;1;;
tanta»;1;;;1;;
crucciato;1;;;1;;
riposo;1;;;1;;
spennar;1;;;1;;
grige;1;;;1;;
baldanza;1;;;1;;
ruscello;1;;;1;;
movi;1;;;1;;
potei;1;;;1;;
movo;1;;;1;;
fuggia;1;;;1;;
ardi”;1;;;1;;
perciò;1;;;1;;
paventi;1;;;1;;
«anima;1;;;1;;
tenesse;1;;;1;;
crescerann;1;;;1;;
orribilmente;1;;;1;;
cessa;1;;;1;;
davìd;1;;;1;;
mova;1;;;1;;
scorte;1;;;1;;
figlia;1;;;1;;
fidandomi;1;;;1;;
avranno;1;;;1;;
spingava;1;;;1;;
monchi»;1;;;1;;
xxiv;1;;;1;;
xxix;1;;;1;;
xxii;1;;;1;;
riscossi;1;;;1;;
affanno;1;;;1;;
viri;1;;;1;;
possuto;1;;;1;;
ornata;1;;;1;;
ribellante;1;;;1;;
scorse;1;;;1;;
ornate;1;;;1;;
sàvena;1;;;1;;
canne;1;;;1;;
corravam;1;;;1;;
federigo;1;;;1;;
lui”;1;;;1;;
molle;1;;;1;;
dicerò;1;;;1;;
parlò;1;;;1;;
vado;1;;;1;;
avvisando;1;;;1;;
asseggia;1;;;1;;
vestite;1;;;1;;
insacca;1;;;1;;
nemici;1;;;1;;
matia;1;;;1;;
vestito;1;;;1;;
accoglitor;1;;;1;;
mettemmo;1;;;1;;
angue;1;;;1;;
set;1;;;1;;
rezzo;1;;;1;;
litterati;1;;;1;;
detta;1;;;1;;
calcando;1;;;1;;
tremare;1;;;1;;
avversario;1;;;1;;
fóri;1;;;1;;
riede;1;;;1;;
visi;1;;;1;;
dicere;1;;;1;;
èi;1;;;1;;
parto;1;;;1;;
chiusa;1;;;1;;
pietate;1;;;1;;
faville;1;;;1;;
indïa;1;;;1;;
digrada;1;;;1;;
saprà;1;;;1;;
ipocresia;1;;;1;;
franca;1;;;1;;
federico;1;;;1;;
piccioletta;1;;;1;;
dimonio;1;;;1;;
sospira;1;;;1;;
ringhia;1;;;1;;
cardinali;1;;;1;;
assiser;1;;;1;;
cardinale;1;;;1;;
scema»;1;;;1;;
parts;1;;;1;;
«con;1;;;1;;
chiuse;1;;;1;;
«com;1;;;1;;
peccatrici;1;;;1;;
chiusi;1;;;1;;
partiva;1;;;1;;
grifagni;1;;;1;;
stornei;1;;;1;;
seco»;1;;;1;;
richiesi;1;;;1;;
sentir;1;;;1;;
concetta;1;;;1;;
auna;1;;;1;;
semiramìs;1;;;1;;
assentio;1;;;1;;
salute;1;;;1;;
sii;1;;;1;;
vergine;1;;;1;;
falsa;1;;;1;;
spuose;1;;;1;;
conversion;1;;;1;;
veglio;1;;;1;;
vago;1;;;1;;
FALSO;1;;;1;;
sponde;1;;;1;;
nascondesse;1;;;1;;
false;1;;;1;;
scaccia;1;;;1;;
falsi;1;;;1;;
creduto;1;;;1;;
torbide;1;;;1;;
vivagno;1;;;1;;
reale;1;;;1;;
mistura;1;;;1;;
giocondo;1;;;1;;
seguente;1;;;1;;
animali;1;;;1;;
partì;1;;;1;;
eresïarche;1;;;1;;
iacopo»;1;;;1;;
animale;1;;;1;;
lupa;1;;;1;;
cleopatràs;1;;;1;;
riverso;1;;;1;;
priegoti;1;;;1;;
avessi;1;;;1;;
leggiavamo;1;;;1;;
alito;1;;;1;;
accenti;1;;;1;;
invidiosa;1;;;1;;
munge;1;;;1;;
nerbo;1;;;1;;
affezion;1;;;1;;
costumi;1;;;1;;
fioche;1;;;1;;
costume;1;;;1;;
tiro»;1;;;1;;
cerco;1;;;1;;
vostre;1;;;1;;
levai;1;;;1;;
larga;1;;;1;;
levan;1;;;1;;
levar;1;;;1;;
«alcun;1;;;1;;
tocca;1;;;1;;
tiranni;1;;;1;;
disonesto;1;;;1;;
rimovea;1;;;1;;
vostri;1;;;1;;
trarne;1;;;1;;
stavvi;1;;;1;;
freni;1;;;1;;
arresta;1;;;1;;
isola;1;;;1;;
appella;1;;;1;;
tentò;1;;;1;;
isquatra;1;;;1;;
chercuti;1;;;1;;
world;1;;;1;;
parrà;1;;;1;;
«tra;1;;;1;;
leggeramente;1;;;1;;
consumai;1;;;1;;
ragionamenti;1;;;1;;
ciechi;1;;;1;;
impedito;1;;;1;;
cherco;1;;;1;;
«quei;1;;;1;;
amar;1;;;1;;
stancò;1;;;1;;
sterco;1;;;1;;
vinta;1;;;1;;
lupo;1;;;1;;
diriva;1;;;1;;
errore;1;;;1;;
xxvi;1;;;1;;
lazzi;1;;;1;;
silvestra;1;;;1;;
ficca;1;;;1;;
vani;1;;;1;;
giovato;1;;;1;;
pene»;1;;;1;;
posti;1;;;1;;
schiuma;1;;;1;;
abbica;1;;;1;;
tenean;1;;;1;;
talora;1;;;1;;
ritornar;1;;;1;;
ausi;1;;;1;;
restrictions;1;;;1;;
gorgón;1;;;1;;
comparte;1;;;1;;
rifiuto;1;;;1;;
ingiuria;1;;;1;;
silvestro;1;;;1;;
sederà;1;;;1;;
fuggiva;1;;;1;;
aggrata;1;;;1;;
matre;1;;;1;;
trarre;1;;;1;;
xxxi;1;;;1;;
sentimento;1;;;1;;
ricidien;1;;;1;;
potenza;1;;;1;;
guasto»;1;;;1;;
giungon;1;;;1;;
matta;1;;;1;;
soperchio;1;;;1;;
nature;1;;;1;;
aguzzavan;1;;;1;;
tesifón;1;;;1;;
lutti;1;;;1;;
lutto;1;;;1;;
amen;1;;;1;;
possa;1;;;1;;
vòlt;1;;;1;;
ripiglierà;1;;;1;;
monimenti;1;;;1;;
guiglielmo;1;;;1;;
isnello;1;;;1;;
vòto»;1;;;1;;
rimove;1;;;1;;
deon;1;;;1;;
turbata;1;;;1;;
meretrice;1;;;1;;
parlerei;1;;;1;;
divenn;1;;;1;;
breve;1;;;1;;
licito;1;;;1;;
varo;1;;;1;;
paion;1;;;1;;
surse;1;;;1;;
vermo;1;;;1;;
ammoglia;1;;;1;;
piovuti;1;;;1;;
infamïa;1;;;1;;
lorde;1;;;1;;
«miserere;1;;;1;;
lamentar;1;;;1;;
volgea;1;;;1;;
contegno;1;;;1;;
ginocchie;1;;;1;;
centauri;1;;;1;;
eletra;1;;;1;;
mischiate;1;;;1;;
dicesse;1;;;1;;
sub;1;;;1;;
sementa;1;;;1;;
promessi;1;;;1;;
chiude;1;;;1;;
assessin;1;;;1;;
faccendo;1;;;1;;
mischiato;1;;;1;;
nessun;1;;;1;;
sdegna;1;;;1;;
sul;1;;;1;;
etternale;1;;;1;;
porto;1;;;1;;
pruovi;1;;;1;;
isperate;1;;;1;;
pruova;1;;;1;;
frustatori;1;;;1;;
rodano;1;;;1;;
fiotto;1;;;1;;
giugne;1;;;1;;
«mira;1;;;1;;
accese;1;;;1;;
menommi;1;;;1;;
bue;1;;;1;;
staranno;1;;;1;;
cinquanta;1;;;1;;
bui;1;;;1;;
guerra»;1;;;1;;
accesi;1;;;1;;
maravigliosa;1;;;1;;
medesme;1;;;1;;
spariti;1;;;1;;
sapem;1;;;1;;
mongibello;1;;;1;;
occulto;1;;;1;;
vegnono;1;;;1;;
queto;1;;;1;;
vòte;1;;;1;;
generata;1;;;1;;
pingue;1;;;1;;
quete;1;;;1;;
maravigliose;1;;;1;;
medesma;1;;;1;;
viver;1;;;1;;
seggio;1;;;1;;
precedetter;1;;;1;;
cittadini;1;;;1;;
possiede;1;;;1;;
satisfare;1;;;1;;
diserrando;1;;;1;;
bacchiglione;1;;;1;;
ricevuto;1;;;1;;
potrebbesi;1;;;1;;
portò;1;;;1;;
vermi;1;;;1;;
segando;1;;;1;;
taccio»;1;;;1;;
seguendo;1;;;1;;
rivolgea;1;;;1;;
tartari;1;;;1;;
mammella;1;;;1;;
ascoltare;1;;;1;;
tempio»;1;;;1;;
guidi;1;;;1;;
dovrien;1;;;1;;
scema;1;;;1;;
carcere;1;;;1;;
sareste;1;;;1;;
secca;1;;;1;;
conosciuto;1;;;1;;
richiedi;1;;;1;;
scemo;1;;;1;;
mpediva;1;;;1;;
raccostammo;1;;;1;;
ascose;1;;;1;;
ilïón;1;;;1;;
rigagno;1;;;1;;
simoneggiando;1;;;1;;
elette;1;;;1;;
dubbiar;1;;;1;;
tue»;1;;;1;;
ampi;1;;;1;;
parole»;1;;;1;;
fetonte;1;;;1;;
laida;1;;;1;;
prendemmo;1;;;1;;
pendici;1;;;1;;
convegnon;1;;;1;;
scolorocci;1;;;1;;
tener;1;;;1;;
nsegni;1;;;1;;
montati;1;;;1;;
seconde;1;;;1;;
laico;1;;;1;;
restato;1;;;1;;
bianca;1;;;1;;
nsegna;1;;;1;;
potemo;1;;;1;;
raunai;1;;;1;;
cognati;1;;;1;;
tornavan;1;;;1;;
motto;1;;;1;;
ruppi;1;;;1;;
sire;1;;;1;;
catena;1;;;1;;
ruppe;1;;;1;;
vorrebber;1;;;1;;
lembo;1;;;1;;
diede»;1;;;1;;
combatteo;1;;;1;;
impresa;1;;;1;;
deriva;1;;;1;;
snella;1;;;1;;
«pape;1;;;1;;
restata;1;;;1;;
montava;1;;;1;;
fiacco;1;;;1;;
tosta;1;;;1;;
tollette;1;;;1;;
parer;1;;;1;;
gode;1;;;1;;
dissemi;1;;;1;;
fattore;1;;;1;;
troverai;1;;;1;;
archi;1;;;1;;
certe;1;;;1;;
intanto;1;;;1;;
ritrassi;1;;;1;;
certi;1;;;1;;
restare;1;;;1;;
«dopo;1;;;1;;
rabbiosa;1;;;1;;
vinci;1;;;1;;
filosofica;1;;;1;;
scarco;1;;;1;;
miser;1;;;1;;
vinco;1;;;1;;
vitalïano;1;;;1;;
userei;1;;;1;;
parli;1;;;1;;
mbianca;1;;;1;;
fitti;1;;;1;;
piovean;1;;;1;;
tracotanza;1;;;1;;
pantano;1;;;1;;
soglia;1;;;1;;
sacchetto;1;;;1;;
bolognese;1;;;1;;
tamisi;1;;;1;;
scese;1;;;1;;
putti;1;;;1;;
ubidente;1;;;1;;
discente;1;;;1;;
bestemmiando;1;;;1;;
cerno;1;;;1;;
mpresa;1;;;1;;
dicessi;1;;;1;;
scrivesti;1;;;1;;
ammanto;1;;;1;;
alberi;1;;;1;;
xxvii;1;;;1;;
pazzo;1;;;1;;
balestra;1;;;1;;
pulci;1;;;1;;
posson;1;;;1;;
cal;1;;;1;;
verun;1;;;1;;
riviva;1;;;1;;
cieli;1;;;1;;
montare;1;;;1;;
bufera;1;;;1;;
iscorta;1;;;1;;
velame;1;;;1;;
sanguinenti;1;;;1;;
riposto;1;;;1;;
tenea;1;;;1;;
«dicerolti;1;;;1;;
fitta;1;;;1;;
lucca;1;;;1;;
dubbiosi;1;;;1;;
aragne;1;;;1;;
buffa;1;;;1;;
abbandonai;1;;;1;;
